sid,link_name_ezpass,borough_ezpass,polyline_ezpass,link_length_ft_ezpass,aggregation_period_sec_ezpass,n_samples_ezpass,median_calculation_timestamp_ezpass,median_tt_sec_ezpass,median_speed_fps_ezpass,link_name_traffic,borough_traffic,polyline_traffic,link_length_ft_traffic,aggregation_period_sec_traffic,n_samples_traffic,median_calculation_timestamp_traffic,median_tt_sec_traffic,median_speed_fps_traffic
1004,42nd Street - Eastbound - Lexington Ave to 3rd Ave,Manhattan,agvwFxmobMfCeI,514.26,900,28,3/16/2026 16:15:01,69.5,7.4,42nd Street - Eastbound - Lexington Ave to 3rd Ave,Manhattan,agvwFxmobMfCeI,514.26,0,0,3/15/2026 12:40:12,0.0,0.0
1011,42nd Street - Westbound - Lexington Ave to Madison Ave,Manhattan,_hvwF|lobMmGhS,1024.34,900,9,3/16/2026 16:15:01,723.0,1.42,42nd Street - Westbound - Lexington Ave to Madison Ave,Manhattan,_hvwF|lobMmGhS,1024.34,0,0,3/15/2026 12:40:12,0.0,0.0
2001,Lexington Avenue - Southbound - 49th St to 42nd St,Manhattan,ecwwFdynbMlZhS,1836.18,900,55,3/16/2026 16:15:01,152.0,12.08,Lexington Avenue - Southbound - 49th St to 42nd St,Manhattan,ecwwFdynbMlZhS,1836.18,0,0,3/15/2026 12:40:12,0.0,0.0
3002,Lexington Avenue - Southbound - 57th St to 49th St,Manhattan,ybxwF`bnbM??vRxMzJfG,2109.11,900,36,3/16/2026 16:15:01,125.0,16.87,Lexington Avenue - Southbound - 57th St to 49th St,Manhattan,ybxwF`bnbM??vRxMzJfG,2109.11,900,20,3/15/2026 12:40:12,139.0,15.17
3006,57th Street - Eastbound - Lexington Ave to 3rd Ave,Manhattan,kbxwFlbnbMfAiD`AuC,508.77,900,24,3/16/2026 16:15:01,18.0,28.26,57th Street - Eastbound - Lexington Ave to 3rd Ave,Manhattan,kbxwFlbnbMfAiD`AuC,508.77,0,0,3/15/2026 12:40:12,0.0,0.0
4001,42nd Street - Westbound - 3rd Ave to Lexington Ave,Manhattan,ucvwF`cobMiCzH,504.02,900,37,3/16/2026 16:15:01,43.0,11.72,42nd Street - Westbound - 3rd Ave to Lexington Ave,Manhattan,ucvwF`cobMiCzH,504.02,0,0,3/15/2026 12:40:12,0.0,0.0
4005,3rd Avenue - Northbound - 42nd St to 49th St,Manhattan,icvwFhcobMgCyAoVgP,1847.0,900,35,3/16/2026 16:15:01,131.0,14.1,3rd Avenue - Northbound - 42nd St to 49th St,Manhattan,icvwFhcobMgCyAoVgP,1847.0,0,0,3/15/2026 12:40:12,0.0,0.0
4042,42nd Street - Eastbound - 3rd Ave to 2nd Ave,Manhattan,ybvwFrcobM|DaM,711.89,900,4,3/16/2026 16:15:01,187.0,3.81,42nd Street - Eastbound - 3rd Ave to 2nd Ave,Manhattan,ybvwFrcobM|DaM,711.89,0,0,3/15/2026 12:40:12,0.0,0.0
5006,3rd Avenue - Northbound - 49th St to 57th St,Manhattan,a_wwFfonbMq^aV,2105.67,900,23,3/16/2026 16:15:01,328.0,6.42,3rd Avenue - Northbound - 49th St to 57th St,Manhattan,a_wwFfonbMq^aV,2105.67,900,20,3/15/2026 12:40:12,73.5,28.65
6003,57th Street - Westbound - 3rd Ave to Lexington Ave,Manhattan,a_xwFxwmbMeC|H,502.77,900,47,3/16/2026 16:15:01,52.0,9.67,57th Street - Westbound - 3rd Ave to Lexington Ave,Manhattan,a_xwFxwmbMeC|H,502.77,900,39,3/15/2026 12:40:12,21.0,23.94
8118,34th Street - Westbound - Madison Ave to 5th Ave,Manhattan,{puwFdxpbMeC|H,502.84,900,2,3/16/2026 16:15:01,45.0,11.17,34th Street - Westbound - Madison Ave to 5th Ave,Manhattan,{puwFdxpbMeC|H,502.84,900,28,3/15/2026 12:40:12,24.5,20.52
11001,42nd Street - Eastbound - Madison Ave to Lexington Ave,Manhattan,qovwFxapbMxCiJtBuG,1014.02,900,34,3/16/2026 16:15:01,126.0,8.05,42nd Street - Eastbound - Madison Ave to Lexington Ave,Manhattan,qovwFxapbMxCiJtBuG,1014.02,0,0,3/15/2026 12:40:12,0.0,0.0
11012,Madison Avenue - Northbound - 42nd St to 49th St,Manhattan,_pvwFpapbMaG{DyJuGwFqD,1841.72,900,19,3/16/2026 16:15:01,770.0,2.39,Madison Avenue - Northbound - 42nd St to 49th St,Manhattan,_pvwFpapbMaG{DyJuGwFqD,1841.72,0,0,3/15/2026 12:40:12,0.0,0.0
11014,42nd Street - Westbound - Madison Ave to 5th Ave,Manhattan,mpvwFfapbMgC`I,509.42,900,5,3/16/2026 16:15:01,247.0,2.06,42nd Street - Westbound - Madison Ave to 5th Ave,Manhattan,mpvwFfapbMgC`I,509.42,0,0,3/15/2026 12:40:12,0.0,0.0
12015,49th Street - Westbound - Madison Ave to 5th Ave,Manhattan,ukwwFfmobMgCbI,511.81,900,10,3/16/2026 16:15:01,40.0,12.8,49th Street - Westbound - Madison Ave to 5th Ave,Manhattan,ukwwFfmobMgCbI,511.81,900,19,3/15/2026 12:40:12,31.0,16.51
14011,42nd Street - Eastbound - 5th Ave to Madison Ave,Manhattan,wsvwF|kpbMdCcI,510.08,900,6,3/16/2026 16:15:01,83.0,6.15,42nd Street - Eastbound - 5th Ave to Madison Ave,Manhattan,wsvwF|kpbMdCcI,510.08,0,0,3/15/2026 12:40:12,0.0,0.0
14118,5th Avenue - Southbound - 42nd St to 34th St,Manhattan,ktvwFpkpbMt^xU,2106.79,900,12,3/16/2026 16:15:01,198.5,10.61,5th Avenue - Southbound - 42nd St to 34th St,Manhattan,ktvwFpkpbMt^xU,2106.79,0,0,3/15/2026 12:40:12,0.0,0.0
15014,5th Avenue - Southbound - 49th St to 42th St,Manhattan,}owwFhwobMvFxDzFrD`KzG,1848.97,900,14,3/16/2026 16:15:01,315.5,5.86,5th Avenue - Southbound - 49th St to 42th St,Manhattan,}owwFhwobMvFxDzFrD`KzG,1848.97,0,0,3/15/2026 12:40:12,0.0,0.0
15018,49th Street - Westbound - 5th Ave to 6th Ave,Manhattan,}owwFhwobMoGdS,1021.19,900,28,3/16/2026 16:15:01,81.5,12.53,49th Street - Westbound - 5th Ave to 6th Ave,Manhattan,}owwFhwobMoGdS,1021.19,0,0,3/15/2026 12:40:12,0.0,0.0
16015,5th Avenue - Southbound - 57th St to 49th St,Manhattan,ooxwFh`obMdC`B|BxAxB`BzB~A`CpAvFtD|BxA,2105.11,900,11,3/16/2026 16:15:01,494.0,4.26,5th Avenue - Southbound - 57th St to 49th St,Manhattan,ooxwFh`obMdC`B|BxAxB`BzB~A`CpAvFtD|BxA,2105.11,900,16,3/15/2026 12:40:12,194.0,10.85
16019,57th Street - Westbound - 5th Ave to 6th Ave,Manhattan,_pxwF~_obMoGdS,1021.13,900,40,3/16/2026 16:15:01,71.0,14.38,57th Street - Westbound - 5th Ave to 6th Ave,Manhattan,_pxwF~_obMoGdS,1021.13,0,0,3/15/2026 12:40:12,0.0,0.0
17018,6th Avenue - Northbound - 42nd St to 49th St,Manhattan,y|vwFx_qbMaK}GwFqDyFwD,1844.4,900,25,3/16/2026 16:15:01,149.0,12.38,6th Avenue - Northbound - 42nd St to 49th St,Manhattan,y|vwFx_qbMaK}GwFqDyFwD,1844.4,0,0,3/15/2026 12:40:12,0.0,0.0
18019,6th Avenue - Northbound - 49th St to 57th St,Manhattan,kxwwFpkpbMyJoGiFgDqKgH,2110.72,900,14,3/16/2026 16:15:01,327.0,6.45,6th Avenue - Northbound - 49th St to 57th St,Manhattan,kxwwFpkpbMyJoGiFgDqKgH,2110.72,0,0,3/15/2026 12:40:12,0.0,0.0
18037,49th Street - Westbound - 6th Ave to 7th Ave,Manhattan,mxwwFpkpbMoF|P,905.87,900,26,3/16/2026 16:15:01,181.0,5.0,49th Street - Westbound - 6th Ave to 7th Ave,Manhattan,mxwwFpkpbMoF|P,905.87,0,0,3/15/2026 12:40:12,0.0,0.0
19056,57th Street - Westbound - 6th Ave to 7th Ave,Manhattan,qxxwFdtobMoFvP,898.57,900,58,3/16/2026 16:15:01,48.0,18.72,57th Street - Westbound - 6th Ave to 7th Ave,Manhattan,qxxwFdtobMoFvP,898.57,0,0,3/15/2026 12:40:12,0.0,0.0
20103,34th Street - Eastbound - 3rd Ave to 2nd Ave,Manhattan,gcuwFpzobMxD}L,703.56,900,3,3/16/2026 16:15:01,271.0,2.6,34th Street - Eastbound - 3rd Ave to 2nd Ave,Manhattan,gcuwFpzobMxD}L,703.56,0,0,3/15/2026 12:40:12,0.0,0.0
21003,Lexington Avenue - Southbound - 72nd St to 57th St,Manhattan,e~ywFzvlbMbOrJrNjJxFtDxRnM,3956.84,900,26,3/16/2026 16:15:01,646.5,6.12,Lexington Avenue - Southbound - 72nd St to 57th St,Manhattan,e~ywFzvlbMbOrJrNjJxFtDxRnM,3956.84,900,30,3/15/2026 12:40:12,184.0,21.5
21022,72nd Street - Westbound - Lexington Ave to 5th Ave,Manhattan,q~ywFnvlbMsK`],1519.55,900,12,3/16/2026 16:15:01,187.5,8.1,72nd Street - Westbound - Lexington Ave to 5th Ave,Manhattan,q~ywFnvlbMsK`],1519.55,0,0,3/15/2026 12:40:12,0.0,0.0
21193,72nd Street - Eastbound - Lexington Ave to 2nd Ave,Manhattan,}}ywF~vlbMrC_JrAgEn@wAl@uB,1205.26,900,29,3/16/2026 16:15:01,126.0,9.57,72nd Street - Eastbound - Lexington Ave to 2nd Ave,Manhattan,}}ywF~vlbMrC_JrAgEn@wAl@uB,1205.26,900,31,3/15/2026 12:40:12,93.0,12.96
22016,5th Avenue - Southbound - 72nd St to 57th St,Manhattan,yjzwF|tmbM|NrJtRhMtVlP,3957.63,900,18,3/16/2026 16:15:01,544.0,7.28,5th Avenue - Southbound - 72nd St to 57th St,Manhattan,yjzwF|tmbM|NrJtRhMtVlP,3957.63,900,20,3/15/2026 12:40:12,264.0,14.99
22021,72nd Street - Eastbound - 5th Ave to Lexington Ave,Manhattan,kjzwFfumbMtKa],1521.33,900,5,3/16/2026 16:15:01,80.0,19.02,72nd Street - Eastbound - 5th Ave to Lexington Ave,Manhattan,kjzwFfumbMtKa],1521.33,900,10,3/15/2026 12:40:12,172.0,8.84
23017,6th Avenue - Northbound - 34th St to 42nd St,Manhattan,c}uwFnvqbMu^wU,2105.46,900,19,3/16/2026 16:15:01,310.0,6.79,6th Avenue - Northbound - 34th St to 42nd St,Manhattan,c}uwFnvqbMu^wU,2105.46,0,0,3/15/2026 12:40:12,0.0,0.0
23060,34th Street - Westbound - 6th Ave to 7th Ave,Manhattan,q}uwFdvqbMqF~P,910.15,900,4,3/16/2026 16:15:01,234.5,3.88,34th Street - Westbound - 6th Ave to 7th Ave,Manhattan,q}uwFdvqbMqF~P,910.15,900,7,3/15/2026 12:40:12,661.0,1.38
23118,34th Street - Eastbound - 6th Ave to 5th Ave,Manhattan,w|uwFzvqbMlGeS,1019.53,900,38,3/16/2026 16:15:01,72.5,14.06,34th Street - Eastbound - 6th Ave to 5th Ave,Manhattan,w|uwFzvqbMlGeS,1019.53,900,73,3/15/2026 12:40:12,60.0,16.99
34025,Belt Pkwy - Westbound - Flatbush Ave to Ocean Pkwy,Brooklyn,u~wvFfdbbMxErAnFb@xDOdJy@jF\`Dr@fFtCfEfEtCvElD|HlChI`BpKfAfNLnPWxLyA|PcDxQ{BhKo@`GQjHd@dK`Epb@~@jQh@nRFjFQtHu@bIg@~LDbKr@bLtBvWr@bU,19653.72,900,26,3/16/2026 16:15:01,492.0,39.95,Belt Pkwy - Westbound - Flatbush Ave to Ocean Pkwy,Brooklyn,u~wvFfdbbMxErAnFb@xDOdJy@jF\`Dr@fFtCfEfEtCvElD|HlChI`BpKfAfNLnPWxLyA|PcDxQ{BhKo@`GQjHd@dK`Epb@~@jQh@nRFjFQtHu@bIg@~LDbKr@bLtBvWr@bU,19653.72,900,35,3/15/2026 12:40:12,282.0,69.69
37038,49th Street - Westbound - 7th Ave to 8th Ave,Manhattan,_`xwFp}pbMkFnP,885.4,900,36,3/16/2026 16:15:01,178.0,4.97,49th Street - Westbound - 7th Ave to 8th Ave,Manhattan,_`xwFp}pbMkFnP,885.4,0,0,3/15/2026 12:40:12,0.0,0.0
37059,7th Avenue - Southbound - 49th St to 42nd St,Manhattan,_`xwFn}pbMxN~I`K|G,1850.67,900,18,3/16/2026 16:15:01,127.5,14.52,7th Avenue - Southbound - 49th St to 42nd St,Manhattan,_`xwFn}pbMxN~I`K|G,1850.67,0,0,3/15/2026 12:40:12,0.0,0.0
38039,49th Street - Westbound - 8th Ave to 9th Ave,Manhattan,igxwF~nqbMsF~P,911.8,900,48,3/16/2026 16:15:01,41.0,22.24,49th Street - Westbound - 8th Ave to 9th Ave,Manhattan,igxwF~nqbMsF~P,911.8,900,54,3/15/2026 12:40:12,68.0,13.41
38054,8th Avenue - Northbound - 49th St to 57th St,Manhattan,kgxwF`oqbM}B{A}B{A{ByA}B{A{ByA}B}A}ByAeCaB,2108.84,900,22,3/16/2026 16:15:01,85.0,24.81,8th Avenue - Northbound - 49th St to 57th St,Manhattan,kgxwF`oqbM}B{A}B{A{ByA}B{A{ByA}B}A}ByAeCaB,2108.84,900,2,3/15/2026 12:40:12,237.0,8.9
39049,9th Avenue - Southbound - 49th St to 42nd St,Manhattan,}nxwF|`rbMxNhJ~JvG,1849.95,900,46,3/16/2026 16:15:01,123.5,14.98,9th Avenue - Southbound - 49th St to 42nd St,Manhattan,}nxwF|`rbMxNhJ~JvG,1849.95,900,14,3/15/2026 12:40:12,410.5,4.51
39085,49th Street - Westbound - 9th Ave to 10th Ave,Manhattan,{nxwFx`rbMoFvP,898.58,900,38,3/16/2026 16:15:01,83.0,10.83,49th Street - Westbound - 9th Ave to 10th Ave,Manhattan,{nxwFx`rbMoFvP,898.58,900,41,3/15/2026 12:40:12,40.0,22.46
41203,57th St - westbound - 1 Ave to QBB UL Entrance,Manhattan,qrwwFb{lbMcCtH,492.42,900,7,3/16/2026 16:15:01,79.0,6.23,57th St - westbound - 1 Ave to QBB UL Entrance,Manhattan,qrwwFb{lbMcCtH,492.42,900,3,3/15/2026 12:40:12,17.0,28.97
42004,42nd Street - Westbound - 2nd Ave to 3rd Ave,Manhattan,w}uwF|tnbM}D`M,711.89,900,37,3/16/2026 16:15:01,54.0,13.18,42nd Street - Westbound - 2nd Ave to 3rd Ave,Manhattan,w}uwF|tnbM}D`M,711.89,900,2,3/15/2026 12:40:12,35.0,20.34
42103,2nd Avenue -  Southbound - 42nd St to 34th St,Manhattan,c}uwFfunbMj^`V,2096.18,900,5,3/16/2026 16:15:01,130.0,16.12,2nd Avenue -  Southbound - 42nd St to 34th St,Manhattan,c}uwFfunbMj^`V,2096.18,0,0,3/15/2026 12:40:12,0.0,0.0
43051,72nd Street - Westbound - Columbus Ave (9th Ave) to Broadway,Manhattan,ij{wFb~obMoFtPe@|A,1043.2,900,11,3/16/2026 16:15:01,66.0,15.81,72nd Street - Westbound - Columbus Ave (9th Ave) to Broadway,Manhattan,ij{wFb~obMoFtPe@|A,1043.2,900,12,3/15/2026 12:40:12,47.0,22.2
43058,9th Avenue - Southbound - 72nd St to 57th St,Manhattan,yi{wFn~obMtZhStJrG~BtAxB|AbKtG,3955.13,900,8,3/16/2026 16:15:01,314.5,12.58,9th Avenue - Southbound - 72nd St to 57th St,Manhattan,yi{wFn~obMtZhStJrG~BtAxB|AbKtG,3955.13,900,4,3/15/2026 12:40:12,650.5,6.08
45102,1st Avenue - Northbound - 23rd St to 34th St,Manhattan,ilswF`}obMaj@y^,2880.52,900,31,3/16/2026 16:15:01,224.0,12.86,1st Avenue - Northbound - 23rd St to 34th St,Manhattan,ilswF`}obMaj@y^,2880.52,900,60,3/15/2026 12:40:12,170.0,16.94
45105,23rd Street - Westbound - 1st Ave to 2nd Ave,Manhattan,mmswFb|obMcE~M,753.61,900,8,3/16/2026 16:15:01,30.0,25.12,23rd Street - Westbound - 1st Ave to 2nd Ave,Manhattan,mmswFb|obMcE~M,753.61,0,0,3/15/2026 12:40:12,0.0,0.0
46042,2nd Avenue - Southbound - 49th St to 42nd St,Manhattan,ayvwFbanbM|L|HxLdI,1848.17,900,15,3/16/2026 16:15:01,171.0,10.81,2nd Avenue - Southbound - 49th St to 42nd St,Manhattan,ayvwFbanbM|L|HxLdI,1848.17,0,0,3/15/2026 12:40:12,0.0,0.0
48042,42nd Street - Westbound - 1st Ave to 2nd Ave,Manhattan,qwuwF`fnbMeExM,747.98,900,7,3/16/2026 16:15:01,59.0,12.68,42nd Street - Westbound - 1st Ave to 2nd Ave,Manhattan,qwuwF`fnbMeExM,747.98,0,0,3/15/2026 12:40:12,0.0,0.0
49053,42nd Street - Eastbound - 9th Ave to 8th Ave,Manhattan,urwwFhurbMlFyP,899.29,900,23,3/16/2026 16:15:01,58.0,15.5,42nd Street - Eastbound - 9th Ave to 8th Ave,Manhattan,urwwFhurbMlFyP,899.29,900,4,3/15/2026 12:40:12,715.5,1.26
49109,42nd Street - Westbound - 9th Ave to 10th Ave,Manhattan,ctwwFhtrbMkFzP,899.94,900,10,3/16/2026 16:15:01,81.0,11.11,42nd Street - Westbound - 9th Ave to 10th Ave,Manhattan,ctwwFhtrbMkFzP,899.94,0,0,3/15/2026 12:40:12,0.0,0.0
49119,9th Avenue - Southbound - 42nd St to 37th St,Manhattan,cswwF~trbMnRbM,1298.3,900,76,3/16/2026 16:15:01,100.5,12.92,9th Avenue - Southbound - 42nd St to 37th St,Manhattan,cswwF~trbMnRbM,1298.3,900,45,3/15/2026 12:40:12,217.0,5.98
50057,8th Avenue - Northbound - 23rd St to 34th St,Manhattan,aauwFpysbMcj@m^,2875.57,900,2,3/16/2026 16:15:01,232.0,12.39,8th Avenue - Northbound - 23rd St to 34th St,Manhattan,aauwFpysbMcj@m^,2875.57,900,4,3/15/2026 12:40:12,341.5,8.42
50106,23rd Street - Eastbound - 8th Ave to 7th Ave,Manhattan,m`uwF`zsbMhFwP,893.5,900,42,3/16/2026 16:15:01,64.5,13.85,23rd Street - Eastbound - 8th Ave to 7th Ave,Manhattan,m`uwF`zsbMhFwP,893.5,900,57,3/15/2026 12:40:12,44.0,20.31
51043,72nd Street - Eastbound - Broadway to Columbus Ave (9th Ave),Manhattan,{q{wF~rpbM^qAnFsP,1021.03,900,2,3/16/2026 16:15:01,98.0,10.42,72nd Street - Eastbound - Broadway to Columbus Ave (9th Ave),Manhattan,{q{wF~rpbM^qAnFsP,1021.03,900,2,3/15/2026 12:40:12,294.0,3.47
51052,Broadway - Southbound - 72nd St to 57th St,Manhattan,mr{wFzrpbMhDVxSXpH?hNKrIIvAAd@HPN\Ff@QTe@Bg@^[PIf@D`Eb@,4661.61,900,3,3/16/2026 16:15:01,437.0,10.67,Broadway - Southbound - 72nd St to 57th St,Manhattan,mr{wFzrpbMhDVxSXpH?hNKrIIvAAd@HPN\Ff@QTe@Bg@^[PIf@D`Eb@,4661.61,900,5,3/15/2026 12:40:12,611.0,7.63
52054,57th Street - Westbound - Broadway to 8th Ave,Manhattan,_eywFtqpbMoA|D,300.32,900,6,3/16/2026 16:15:01,394.5,0.76,57th Street - Westbound - Broadway to 8th Ave,Manhattan,_eywFtqpbMoA|D,300.32,900,4,3/15/2026 12:40:12,407.5,0.74
53038,8th Avenue - Northbound - 42nd St to 49th St,Manhattan,ukwwFfcrbMeCcB_C{A{BwA{B}A{ByA}B{A}ByA,1846.29,900,33,3/16/2026 16:15:01,141.0,13.09,8th Avenue - Northbound - 42nd St to 49th St,Manhattan,ukwwFfcrbMeCcB_C{A{BwA{B}A{ByA}B{A}ByA,1846.29,900,2,3/15/2026 12:40:12,329.0,5.61
53049,42nd Street - Westbound - 8th Ave to 9th Ave,Manhattan,alwwFtbrbMqFzP,905.24,900,19,3/16/2026 16:15:01,150.0,6.03,42nd Street - Westbound - 8th Ave to 9th Ave,Manhattan,alwwFtbrbMqFzP,905.24,900,5,3/15/2026 12:40:12,594.0,1.52
53059,42nd Street - Eastbound - 8th Ave to 7th Ave,Manhattan,ekwwFncrbMlFyP,899.3,900,2,3/16/2026 16:15:01,120.0,7.49,42nd Street - Eastbound - 8th Ave to 7th Ave,Manhattan,ekwwFncrbMlFyP,899.3,0,0,3/15/2026 12:40:12,0.0,0.0
54052,57th Street - Eastbound - 8th Ave to Broadway,Manhattan,ofywFhxpbMtAmE,324.96,900,5,3/16/2026 16:15:01,14.0,23.21,57th Street - Eastbound - 8th Ave to Broadway,Manhattan,ofywFhxpbMtAmE,324.96,900,5,3/15/2026 12:40:12,208.0,1.56
54058,57th Street - Westbound - 8th Ave to 9th Ave,Manhattan,mgywFrwpbMqFxP,902.73,900,46,3/16/2026 16:15:01,51.5,17.53,57th Street - Westbound - 8th Ave to 9th Ave,Manhattan,mgywFrwpbMqFxP,902.73,900,27,3/15/2026 12:40:12,89.0,10.14
56052,57th Street - Westbound - 7th Ave to Broadway,Manhattan,_`ywF|epbM_DxJ,598.23,900,2,3/16/2026 16:15:01,185.0,3.23,57th Street - Westbound - 7th Ave to Broadway,Manhattan,_`ywF|epbM_DxJ,598.23,0,0,3/15/2026 12:40:12,0.0,0.0
57053,8th Avenue - Northbound - 34th St to 42nd St,Manhattan,elvwFbzrbMm^}U,2096.63,900,25,3/16/2026 16:15:01,317.0,6.61,8th Avenue - Northbound - 34th St to 42nd St,Manhattan,elvwFbzrbMm^}U,2096.63,900,20,3/15/2026 12:40:12,216.0,9.71
57060,34th Street - Eastbound - 8th Ave to 7th Ave,Manhattan,wkvwFlzrbMlFuP,894.52,900,8,3/16/2026 16:15:01,937.0,0.95,34th Street - Eastbound - 8th Ave to 7th Ave,Manhattan,wkvwFlzrbMlFuP,894.52,0,0,3/15/2026 12:40:12,0.0,0.0
57061,34th Street - Westbound - 8th Ave to 9th Ave,Manhattan,qlvwFzyrbMqFvP,900.47,900,29,3/16/2026 16:15:01,74.0,12.17,34th Street - Westbound - 8th Ave to 9th Ave,Manhattan,qlvwFzyrbMqFvP,900.47,900,44,3/15/2026 12:40:12,84.5,10.66
58039,9th Avenue - Southbound - 57th St to 49th St,Manhattan,onywFviqbMt^bV,2113.33,900,46,3/16/2026 16:15:01,195.5,10.81,9th Avenue - Southbound - 57th St to 49th St,Manhattan,onywFviqbMt^bV,2113.33,900,20,3/15/2026 12:40:12,426.0,4.96
58054,57th Street - Eastbound - 9th Ave to 8th Ave,Manhattan,}mywFbjqbMjFsP,890.17,900,6,3/16/2026 16:15:01,49.0,18.17,57th Street - Eastbound - 9th Ave to 8th Ave,Manhattan,}mywFbjqbMjFsP,890.17,0,0,3/15/2026 12:40:12,0.0,0.0
58077,57th Street - Westbound - 9th Ave (Columbus Ave) to 10th Ave (Amsterdam Ave),Manhattan,}nywFhiqbMmFzP,901.6,900,11,3/16/2026 16:15:01,42.0,21.47,57th Street - Westbound - 9th Ave (Columbus Ave) to 10th Ave (Amsterdam Ave),Manhattan,}nywFhiqbMmFzP,901.6,900,5,3/15/2026 12:40:12,62.0,14.54
59060,7th Avenue - Southbound - 42nd St to 34th St,Manhattan,edwwFjqqbMvNpJlJvGfBdA`@P,2103.3,900,32,3/16/2026 16:15:01,276.5,7.61,7th Avenue - Southbound - 42nd St to 34th St,Manhattan,edwwFjqqbMvNpJlJvGfBdA`@P,2103.3,0,0,3/15/2026 12:40:12,0.0,0.0
60023,34th Street - Eastbound - 7th Ave to 6th Ave,Manhattan,idvwFvhrbMpF_Q,910.15,900,36,3/16/2026 16:15:01,99.5,9.15,34th Street - Eastbound - 7th Ave to 6th Ave,Manhattan,idvwFvhrbMpF_Q,910.15,900,54,3/15/2026 12:40:12,138.0,6.6
60106,7th Avenue - Southbound - 34th St to 23rd St,Manhattan,sdvwFlhrbM`j@n^,2873.73,900,60,3/16/2026 16:15:01,195.5,14.7,7th Avenue - Southbound - 34th St to 23rd St,Manhattan,sdvwFlhrbM`j@n^,2873.73,900,34,3/15/2026 12:40:12,104.0,27.63
62074,Hylan Blvd - Northbound - New Dorp Ln to Midland Ave,Staten Island,a|rvFdpicMqBqByEwEkBoBoBeBmByByCuCkBoBsBuBgDmDuCiCkCcC,3425.74,900,105,3/16/2026 16:15:01,167.0,20.51,Hylan Blvd - Northbound - New Dorp Ln to Midland Ave,Staten Island,a|rvFdpicMqBqByEwEkBoBoBeBmByByCuCkBoBsBuBgDmDuCiCkCcC,3425.74,900,107,3/15/2026 12:40:12,144.0,23.79
63074,Father Capodanno Blvd @ Seaview Ave to Hyland Blvd @ Midland Ave via Midland Ave,Staten Island,wstvF~iccMlFlGhEhItD`I~GhNlB`EtErJ|AzCn@z@rArArBjBjB`BuAzCoApC_DbH_DdHoArC}C`H_ArBgGfNc@l@_@`@gDzBcCrF,8868.3,900,33,3/16/2026 16:15:01,370.0,23.97,Father Capodanno Blvd @ Seaview Ave to Hyland Blvd @ Midland Ave via Midland Ave,Staten Island,wstvF~iccMlFlGhEhItD`I~GhNlB`EtErJ|AzCn@z@rArArBjBjB`BuAzCoApC_DbH_DdHoArC}C`H_ArBgGfNc@l@_@`@gDzBcCrF,8868.3,900,16,3/15/2026 12:40:12,249.5,35.54
66067,Hylan Blvd - Northbound -  Seaview Ave to Narrows Rd South Via Steuben St,Staten Island,o`vvFfbfcMgFuFyJaIaIgHiPeGmKgD_EgAwAgBqEqPFcS{EsH{HoDeFz@{ClAqMaA,9054.74,900,5,3/16/2026 16:15:01,505.0,17.93,Hylan Blvd - Northbound -  Seaview Ave to Narrows Rd South Via Steuben St,Staten Island,o`vvFfbfcMgFuFyJaIaIgHiPeGmKgD_EgAwAgBqEqPFcS{EsH{HoDeFz@{ClAqMaA,9054.74,0,0,3/15/2026 12:40:12,0.0,0.0
66128,Hylan Blvd - Northbound - Seaview Ave to Fingerboard Rd West,Staten Island,aavvFpafcM}XaV}BgBaDuAa]wKmBqCcEgQA}FRyJRkGrCcLJcCMqB}@gCeAaBcCaB,8346.72,900,2,3/16/2026 16:15:01,379.0,22.02,Hylan Blvd - Northbound - Seaview Ave to Fingerboard Rd West,Staten Island,aavvFpafcM}XaV}BgBaDuAa]wKmBqCcEgQA}FRyJRkGrCcLJcCMqB}@gCeAaBcCaB,8346.72,900,2,3/15/2026 12:40:12,272.0,30.69
67068,Narrows Rd South - Eastbound - Hylan Blvd to Fingerboard Rd,Staten Island,ewyvFfbccMj@aLxBkOxE{O,2190.4,900,3,3/16/2026 16:15:01,59.0,37.13,Narrows Rd South - Eastbound - Hylan Blvd to Fingerboard Rd,Staten Island,ewyvFfbccMj@aLxBkOxE{O,2190.4,0,0,3/15/2026 12:40:12,0.0,0.0
70071,Flatbush Ave - Southbound - Willoughby St to Atlantic Ave,Brooklyn,}tjwFdwpbMtEiB|EqBvD_BnMoIzJqGhCgB,3257.94,900,100,3/16/2026 16:15:01,344.5,9.46,Flatbush Ave - Southbound - Willoughby St to Atlantic Ave,Brooklyn,}tjwFdwpbMtEiB|EqBvD_BnMoIzJqGhCgB,3257.94,900,56,3/15/2026 12:40:12,274.0,11.89
71070,Flatbush Ave - Northbound - Atlantic Ave to Willoughvy St,Brooklyn,waiwFntobMwDfCk@ZaIlFcLhHaFvBiLpE,3291.08,900,86,3/16/2026 16:15:01,384.5,8.56,Flatbush Ave - Northbound - Atlantic Ave to Willoughvy St,Brooklyn,waiwFntobMwDfCk@ZaIlFcLhHaFvBiLpE,3291.08,900,59,3/15/2026 12:40:12,485.0,6.79
71201,Atlantic Avenue - Eastbound - Flatbush Ave to Carlton Ave,Brooklyn,}aiwFvuobMnBaHzBuRdBiL,1965.26,900,110,3/16/2026 16:15:01,131.0,15.0,Atlantic Avenue - Eastbound - Flatbush Ave to Carlton Ave,Brooklyn,}aiwFvuobMnBaHzBuRdBiL,1965.26,900,99,3/15/2026 12:40:12,50.0,39.31
74062,Hylan Blvd - Southbound - Midland Ave to New Dorp Ln,Staten Island,qktvF`chcMdHvGdDjDjCjCrBnBpBtBrBtBlBlBhBjBhBjBlBrBtBnB,3425.55,900,73,3/16/2026 16:15:01,448.0,7.65,Hylan Blvd - Southbound - Midland Ave to New Dorp Ln,Staten Island,qktvF`chcMdHvGdDjDjCjCrBnBpBtBrBtBlBlBhBjBhBjBlBrBtBnB,3425.55,900,61,3/15/2026 12:40:12,889.0,3.85
74063,Hylan Blvd @ Midland Ave to Father Capodanno Blvd @ Seaview Ave via Midland Ave,Staten Island,yjtvFrbhcM|BkFdE_DbA{ArAyC|CeH`AqB|CcH|CcH`DeH|CcHjBoEaIsHi@s@wAsCu@{AcAqBsEmJcEqIyAyCwDaIiDcHu@iA{EsF,8988.5,900,12,3/16/2026 16:15:01,286.0,31.43,Hylan Blvd @ Midland Ave to Father Capodanno Blvd @ Seaview Ave via Midland Ave,Staten Island,yjtvFrbhcM|BkFdE_DbA{ArAyC|CeH`AqB|CcH|CcH`DeH|CcHjBoEaIsHi@s@wAsCu@{AcAqBsEmJcEqIyAyCwDaIiDcHu@iA{EsF,8988.5,900,6,3/15/2026 12:40:12,557.5,16.12
74066,Hylan Blvd - Northbound - Midland Ave to Seaview Ave,Staten Island,yjtvFtahcMmCcCgBsBgBmCmE_GeB}BuBqCqFqHuBuCqBkCmBmCcB{BgC}C{CgC,4305.32,900,17,3/16/2026 16:15:01,261.0,16.5,Hylan Blvd - Northbound - Midland Ave to Seaview Ave,Staten Island,yjtvFtahcMmCcCgBsBgBmCmE_GeB}BuBqCqFqHuBuCqBkCmBmCcB{BgC}C{CgC,4305.32,900,27,3/15/2026 12:40:12,155.0,27.78
75079,10th Avenue - Northbound - 14th St to 23rd St,Manhattan,cmtwFjvubMaAo@WE}^kV,2313.62,900,12,3/16/2026 16:15:01,120.0,19.28,10th Avenue - Northbound - 14th St to 23rd St,Manhattan,cmtwFjvubMaAo@WE}^kV,2313.62,900,5,3/15/2026 12:40:12,127.0,18.22
77058,57th Street - Eastbound - 10th Ave (Amsterdam Ave) to 9th Ave (Columbus Ave),Manhattan,ouywFx{qbMnFwP,898.53,900,5,3/16/2026 16:15:01,56.0,16.05,57th Street - Eastbound - 10th Ave (Amsterdam Ave) to 9th Ave (Columbus Ave),Manhattan,ouywFx{qbMnFwP,898.53,900,5,3/15/2026 12:40:12,653.0,1.38
77081,57th Street - Westbound - 10th Ave (Amsterdam Ave) to 11th Ave,Manhattan,kvywFd{qbMqFvP,900.3,900,11,3/16/2026 16:15:01,39.0,23.08,57th Street - Westbound - 10th Ave (Amsterdam Ave) to 11th Ave,Manhattan,kvywFd{qbMqFvP,900.3,900,16,3/15/2026 12:40:12,70.5,12.77
78108,34th Street - Westbound - 10th Ave to 11th Ave,Manhattan,c|vwF`}sbMgFxP,894.08,900,13,3/16/2026 16:15:01,128.0,6.98,34th Street - Westbound - 10th Ave to 11th Ave,Manhattan,c|vwF`}sbMgFxP,894.08,900,19,3/15/2026 12:40:12,89.0,10.05
78109,10th Avenue - Northbound - 34th St to 42nd St,Manhattan,a{vwFv}sbMu^}U,2109.4,900,2,3/16/2026 16:15:01,114.0,18.5,10th Avenue - Northbound - 34th St to 42nd St,Manhattan,a{vwFv}sbMu^}U,2109.4,0,0,3/15/2026 12:40:12,0.0,0.0
80109,42nd Street - Eastbound - 11th Ave to 10th Ave,Manhattan,maxwFbysbMhF{P,898.19,900,3,3/16/2026 16:15:01,188.0,4.78,42nd Street - Eastbound - 11th Ave to 10th Ave,Manhattan,maxwFbysbMhF{P,898.19,0,0,3/15/2026 12:40:12,0.0,0.0
81077,57th Street - Eastbound - 11th Ave to 10th Ave (Amsterdam Ave),Manhattan,_}ywFrmrbMnFyP,900.93,900,4,3/16/2026 16:15:01,112.0,8.04,57th Street - Eastbound - 11th Ave to 10th Ave (Amsterdam Ave),Manhattan,_}ywFrmrbMnFyP,900.93,900,2,3/15/2026 12:40:12,453.0,1.99
81116,11th Avenue - Southbound - 57th St to 49th St,Manhattan,k}ywFhmrbMn^dV,2105.09,900,61,3/16/2026 16:15:01,84.0,25.06,11th Avenue - Southbound - 57th St to 49th St,Manhattan,k}ywFhmrbMn^dV,2105.09,900,85,3/15/2026 12:40:12,75.0,28.07
85077,10th Avenue - Northbound - 49th St to 57th St,Manhattan,ivxwFprrbMu^aV,2111.99,900,64,3/16/2026 16:15:01,129.0,16.37,10th Avenue - Northbound - 49th St to 57th St,Manhattan,ivxwFprrbMu^aV,2111.99,900,57,3/15/2026 12:40:12,140.0,15.09
85116,49th Street - Westbound - 10th Ave to 11th Ave,Manhattan,kvxwFprrbMoFzP,903.4,900,39,3/16/2026 16:15:01,32.0,28.23,49th Street - Westbound - 10th Ave to 11th Ave,Manhattan,kvxwFprrbMoFzP,903.4,900,49,3/15/2026 12:40:12,124.0,7.29
87088,Cross Bay Blvd - Southbound - Rockaway Blvd to 156th Ave,Queens,smhwFrxuaMrAFhASx@SxDc@nC_@nFeAbDm@fCo@dDQzCJ`B@|EKlCa@~KwBpJiBdJsAjCg@dDc@,6156.07,900,43,3/16/2026 16:15:01,472.0,13.04,Cross Bay Blvd - Southbound - Rockaway Blvd to 156th Ave,Queens,smhwFrxuaMrAFhASx@SxDc@nC_@nFeAbDm@fCo@dDQzCJ`B@|EKlCa@~KwBpJiBdJsAjCg@dDc@,6156.07,900,40,3/15/2026 12:40:12,350.5,17.56
91092,Cross Bay Blvd - Southbound - W 6th Rd to W 20th Rd,Queens,iqzvF~xpaMdCPpFd@xFf@lCR|Gh@lGl@nCTpGh@xK|@,3951.99,900,111,3/16/2026 16:15:01,129.0,30.64,Cross Bay Blvd - Southbound - W 6th Rd to W 20th Rd,Queens,iqzvF~xpaMdCPpFd@xFf@lCR|Gh@lGl@nCTpGh@xK|@,3951.99,900,42,3/15/2026 12:40:12,148.5,26.61
92144,Cross Bay Blvd - Southbound - 20 Rd to Beach Channel Dr @ Beach 116 St,Queens,_nxvF`cqaM`M~@bg@wIrLQ`Ah@pCfFz@hBdFhV`CzL`ClMXbGJdA~BrNnHp\,9819.22,900,33,3/16/2026 16:15:01,311.0,31.57,Cross Bay Blvd - Southbound - 20 Rd to Beach Channel Dr @ Beach 116 St,Queens,_nxvF`cqaM`M~@bg@wIrLQ`Ah@pCfFz@hBdFhV`CzL`ClMXbGJdA~BrNnHp\,9819.22,900,18,3/15/2026 12:40:12,703.0,13.97
93094,Ocean Pkwy - Southbound - Kings Hwy to Avenue U,Brooklyn,axyvFpumbMtR}B`\mD,2875.74,900,4,3/16/2026 16:15:01,323.5,8.89,Ocean Pkwy - Southbound - Kings Hwy to Avenue U,Brooklyn,axyvFpumbMtR}B`\mD,2875.74,900,8,3/15/2026 12:40:12,183.5,15.67
93113,Ocean Pkwy - Northbound - Kings Hwy to Avenue I,Brooklyn,iyyvFxqmbM{`CfW,7656.58,900,107,3/16/2026 16:15:01,527.0,14.53,Ocean Pkwy - Northbound - Kings Hwy to Avenue I,Brooklyn,iyyvFxqmbM{`CfW,7656.58,900,113,3/15/2026 12:40:12,380.0,20.15
94093,Ocean Pkwy - Northbound - Avenue U to Kings Hwy,Brooklyn,ogxvFhjmbMcMvAab@nE,2900.21,900,102,3/16/2026 16:15:01,196.5,14.76,Ocean Pkwy - Northbound - Avenue U to Kings Hwy,Brooklyn,ogxvFhjmbMcMvAab@nE,2900.21,900,135,3/15/2026 12:40:12,199.0,14.57
94098,Ocean Pkwy - Southbound - Avenue U to Avenue X,Brooklyn,kgxvFdlmbMd[gDzL~A,2482.41,900,6,3/16/2026 16:15:01,79.0,31.42,Ocean Pkwy - Southbound - Avenue U to Avenue X,Brooklyn,kgxvFdlmbMd[gDzL~A,2482.41,900,7,3/15/2026 12:40:12,162.0,15.32
95170,Woodhaven Blvd - Northbound - Furmanville Ave to Dry Harbor Rd,Queens,gepwF~yyaMuMlL}I~HiTbI,3142.13,900,89,3/16/2026 16:15:01,217.0,14.48,Woodhaven Blvd - Northbound - Furmanville Ave to Dry Harbor Rd,Queens,gepwF~yyaMuMlL}I~HiTbI,3142.13,900,121,3/15/2026 12:40:12,137.0,22.94
97099,Woodhaven Blvd - Southbound - Union Turnpike to Myrtle Ave,Queens,qhmwFbnxaMtEkH|BcEn@m@`Ee@,1390.94,900,204,3/16/2026 16:15:01,57.5,24.19,Woodhaven Blvd - Southbound - Union Turnpike to Myrtle Ave,Queens,qhmwFbnxaMtEkH|BcEn@m@`Ee@,1390.94,900,97,3/15/2026 12:40:12,40.0,34.77
98094,Ocean Pkwy - Northbound - Avenue X to Avenue U,Brooklyn,u}vvFvfmbM{L{AsEf@oT`C,2478.31,900,70,3/16/2026 16:15:01,555.0,4.47,Ocean Pkwy - Northbound - Avenue X to Avenue U,Brooklyn,u}vvFvfmbM{L{AsEf@oT`C,2478.31,900,105,3/15/2026 12:40:12,129.0,19.21
98100,Ocean Pkwy - Southbound - Avenue X to Shore Pkwy,Brooklyn,k}vvFzimbMbMpCtL`A`L~A,2427.04,900,87,3/16/2026 16:15:01,74.0,32.8,Ocean Pkwy - Southbound - Avenue X to Shore Pkwy,Brooklyn,k}vvFzimbMbMpCtL`A`L~A,2427.04,900,79,3/15/2026 12:40:12,105.0,23.11
100098,Ocean Pkwy - Northbound - Shore Pkwy to Avenue X,Brooklyn,qtuvFjpmbMkLcB}LeB{LeB,2440.72,900,6,3/16/2026 16:15:01,714.0,3.42,Ocean Pkwy - Northbound - Shore Pkwy to Avenue X,Brooklyn,qtuvFjpmbMkLcB}LeB{LeB,2440.72,900,6,3/15/2026 12:40:12,1179.0,2.07
100115,Ocean Pkwy - Southbound - Shore Pkwy to Sea Breeze Ave,Brooklyn,ktuvFhtmbM~q@tJrEx@,3416.59,900,21,3/16/2026 16:15:01,107.0,31.93,Ocean Pkwy - Southbound - Shore Pkwy to Sea Breeze Ave,Brooklyn,ktuvFhtmbM~q@tJrEx@,3416.59,900,16,3/15/2026 12:40:12,137.0,24.94
102103,34th Street - Westbound - 1st Ave to 2nd Ave,Manhattan,gxtwF~|nbMgEtM,744.96,900,2,3/16/2026 16:15:01,74.0,10.07,34th Street - Westbound - 1st Ave to 2nd Ave,Manhattan,gxtwF~|nbMgEtM,744.96,900,2,3/15/2026 12:40:12,108.0,6.9
103020,34th Street - Westbound - 2nd Ave to 3rd Ave,Manhattan,e~twF~kobM{D|L,705.32,900,39,3/16/2026 16:15:01,88.0,8.02,34th Street - Westbound - 2nd Ave to 3rd Ave,Manhattan,e~twF~kobM{D|L,705.32,900,25,3/15/2026 12:40:12,85.0,8.3
103102,34th Street - Eastbound - 2nd Ave to 1st Ave,Manhattan,k}twFnlobMhEsM,744.35,900,4,3/16/2026 16:15:01,178.0,4.18,34th Street - Eastbound - 2nd Ave to 1st Ave,Manhattan,k}twFnlobMhEsM,744.35,0,0,3/15/2026 12:40:12,0.0,0.0
103105,2nd Avenue - Southbound - 34th St to 23rd St,Manhattan,u}twFhlobM`j@l^,2872.45,900,23,3/16/2026 16:15:01,141.0,20.37,2nd Avenue - Southbound - 34th St to 23rd St,Manhattan,u}twFhlobM`j@l^,2872.45,900,25,3/15/2026 12:40:12,182.0,15.78
105045,23rd Street - Eastbound - 2nd Ave to 1st Ave,Manhattan,erswFblpbMfEyM,749.85,900,5,3/16/2026 16:15:01,641.0,1.17,23rd Street - Eastbound - 2nd Ave to 1st Ave,Manhattan,erswFblpbMfEyM,749.85,900,9,3/15/2026 12:40:12,204.0,3.68
106107,7th Avenue - Southbound - 23rd St to 14th St,Manhattan,oytwF|gsbMta@bX,2309.57,900,17,3/16/2026 16:15:01,173.0,13.35,7th Avenue - Southbound - 23rd St to 14th St,Manhattan,oytwF|gsbMta@bX,2309.57,900,28,3/15/2026 12:40:12,95.5,24.18
108078,34th Street - Eastbound - 11th Ave to 10th Ave,Manhattan,{awwFzotbMfFwP,891.65,900,2,3/16/2026 16:15:01,50.0,17.83,34th Street - Eastbound - 11th Ave to 10th Ave,Manhattan,{awwFzotbMfFwP,891.65,900,3,3/15/2026 12:40:12,27.0,33.02
109049,42nd Street - Eastbound - 10th Ave to 9th Ave,Manhattan,{ywwFjgsbMhF}P,900.64,900,4,3/16/2026 16:15:01,31.0,29.05,42nd Street - Eastbound - 10th Ave to 9th Ave,Manhattan,{ywwFjgsbMhF}P,900.64,900,4,3/15/2026 12:40:12,559.0,1.61
109080,42nd Street - Westbound - 10th Ave to 11th Ave,Manhattan,q{wwFffsbMoFpP,891.38,900,12,3/16/2026 16:15:01,36.5,24.42,42nd Street - Westbound - 10th Ave to 11th Ave,Manhattan,q{wwFffsbMoFpP,891.38,900,14,3/15/2026 12:40:12,39.5,22.57
109085,10th Avenue - Northbound - 42nd St to 49th St,Manhattan,uzwwFxfsbMsZgS,1844.34,900,38,3/16/2026 16:15:01,120.5,15.31,10th Avenue - Northbound - 42nd St to 49th St,Manhattan,uzwwFxfsbMsZgS,1844.34,900,44,3/15/2026 12:40:12,129.5,14.24
111112,Ocean Pkwy - Northbound - Ditmas Ave to Church Ave,Brooklyn,ew_wFhunbMsv@xI,3281.96,900,2,3/16/2026 16:15:01,1066.0,3.08,Ocean Pkwy - Northbound - Ditmas Ave to Church Ave,Brooklyn,ew_wFhunbMsv@xI,3281.96,0,0,3/15/2026 12:40:12,0.0,0.0
111113,Ocean Pkwy - Southbound - Ditmas Ave to Avenue I,Brooklyn,ov_wFj{nbMvz@wJ,3526.24,900,202,3/16/2026 16:15:01,277.0,12.73,Ocean Pkwy - Southbound - Ditmas Ave to Avenue I,Brooklyn,ov_wFj{nbMvz@wJ,3526.24,900,157,3/15/2026 12:40:12,200.0,17.63
112111,Ocean Pkwy - Southbound - Church Ave to Ditmas Ave,Brooklyn,qlawFteobM`u@sI,3190.53,900,234,3/16/2026 16:15:01,233.0,13.69,Ocean Pkwy - Southbound - Church Ave to Ditmas Ave,Brooklyn,qlawFteobM`u@sI,3190.53,900,180,3/15/2026 12:40:12,163.0,19.57
113093,Ocean Pkwy - Southbound - Avenue I to Kings Hwy,Brooklyn,yz}vF|onbMdbCyW,7735.94,900,108,3/16/2026 16:15:01,335.5,23.06,Ocean Pkwy - Southbound - Avenue I to Kings Hwy,Brooklyn,yz}vF|onbMdbCyW,7735.94,900,65,3/15/2026 12:40:12,382.0,20.25
113111,Ocean Pkwy - Northbound - Avenue I to Ditmas Ave,Brooklyn,c{}vF|inbMa{@nJ,3542.67,900,118,3/16/2026 16:15:01,224.5,15.78,Ocean Pkwy - Northbound - Avenue I to Ditmas Ave,Brooklyn,c{}vF|inbMa{@nJ,3542.67,900,160,3/15/2026 12:40:12,163.5,21.67
116080,11th Avenue - Southbound - 49th St to 42nd St,Manhattan,y}xwFldsbMpZ`S,1837.13,900,6,3/16/2026 16:15:01,123.5,14.88,11th Avenue - Southbound - 49th St to 42nd St,Manhattan,y}xwFldsbMpZ`S,1837.13,900,5,3/15/2026 12:40:12,112.0,16.4
118023,34th Street - Westbound - 5th Ave to 6th Ave,Manhattan,auuwFdbqbMqG|R,1013.44,900,11,3/16/2026 16:15:01,106.0,9.56,34th Street - Westbound - 5th Ave to 6th Ave,Manhattan,auuwFdbqbMqG|R,1013.44,900,43,3/15/2026 12:40:12,53.0,19.12
119061,9th Avenue - Southbound - 37th St to 34th St,Manhattan,s_wwFdcsbM|JvG,797.0,900,2,3/16/2026 16:15:01,27.0,29.52,9th Avenue - Southbound - 37th St to 34th St,Manhattan,s_wwFdcsbM|JvG,797.0,900,8,3/15/2026 12:40:12,308.0,2.59
120140,Flatbush Ave - Southbound - Aviators Sports Complex to Beach 140 st,Brooklyn,}vvvFtx`bMdhAwpApc@_Tv\mRnBqHiq@ehBgEgFgG_M,17122.83,900,50,3/16/2026 16:15:01,308.0,55.59,Flatbush Ave - Southbound - Aviators Sports Complex to Beach 140 st,Brooklyn,}vvvFtx`bMdhAwpApc@_Tv\mRnBqHiq@ehBgEgFgG_M,17122.83,900,36,3/15/2026 12:40:12,288.5,59.35
121127,Hylan Blvd - Southbound - Richmond Ave to Arden Ave,Staten Island,ozkvFvercMrLvKzBrBn@~@`CrHzBtGpBzG,2758.7,900,23,3/16/2026 16:15:01,64.0,43.1,Hylan Blvd - Southbound - Richmond Ave to Arden Ave,Staten Island,ozkvFvercMrLvKzBrBn@~@`CrHzBtGpBzG,2758.7,900,19,3/15/2026 12:40:12,59.0,46.76
121145,Hylan Blvd - Northbound - Richmond Ave to Keegans Ln,Staten Island,uykvFtdrcMqTwWyHaHuRmOyD{EuDiCiF}GaRgXyEaG,7266.26,900,18,3/16/2026 16:15:01,271.0,26.81,Hylan Blvd - Northbound - Richmond Ave to Keegans Ln,Staten Island,uykvFtdrcMqTwWyHaHuRmOyD{EuDiCiF}GaRgXyEaG,7266.26,900,36,3/15/2026 12:40:12,269.5,26.96
121146,Richmond Ave - Northbound - Hylan Blvd to Amboy Rd,Staten Island,ozkvF`ercMqI`RaAvB_k@fh@,4405.32,900,5,3/16/2026 16:15:01,174.0,25.32,Richmond Ave - Northbound - Hylan Blvd to Amboy Rd,Staten Island,ozkvF`ercMqI`RaAvB_k@fh@,4405.32,900,5,3/15/2026 12:40:12,726.0,6.07
125127,Hylan Blvd - Northbound - Huguenot Ave to Arden Ave,Staten Island,syivFpmxcMgO}k@YiBOgCv@wt@UwDo@iDsNqd@,7349.52,900,22,3/16/2026 16:15:01,277.5,26.48,Hylan Blvd - Northbound - Huguenot Ave to Arden Ave,Staten Island,syivFpmxcMgO}k@YiBOgCv@wt@UwDo@iDsNqd@,7349.52,900,23,3/15/2026 12:40:12,181.0,40.61
127121,Hylan Blvd - Northbound - Arden Ave to Richmond Ave,Staten Island,i{jvFxrscMoFuP_CiHoAcBwOwN,2776.11,900,34,3/16/2026 16:15:01,140.5,19.76,Hylan Blvd - Northbound - Arden Ave to Richmond Ave,Staten Island,i{jvFxrscMoFuP_CiHoAcBwOwN,2776.11,900,36,3/15/2026 12:40:12,53.5,51.89
127125,Hylan Blvd - Southbound - Arden Ave to Huguenot Ave,Staten Island,}{jvFnsscMfFfPhG`SZpAR|AF`ADzBY`[]~TJtCL~AfAvFv@nCzK~b@,7338.97,900,70,3/16/2026 16:15:01,158.0,46.45,Hylan Blvd - Southbound - Arden Ave to Huguenot Ave,Staten Island,}{jvFnsscMfFfPhG`SZpAR|AF`ADzBY`[]~TJtCL~AfAvFv@nCzK~b@,7338.97,900,40,3/15/2026 12:40:12,220.0,33.36
128068,Hylan Blvd - Northbound - West Fingerboard Rd to Narrows Rd South (via Fingerboard Rd),Staten Island,gnxvFpebcM_A[}AIaANKHsGrAcAiDo@qBOaAFcACSQw@Ua@_GiB,2262.17,900,7,3/16/2026 16:15:01,50.0,45.24,Hylan Blvd - Northbound - West Fingerboard Rd to Narrows Rd South (via Fingerboard Rd),Staten Island,gnxvFpebcM_A[}AIaANKHsGrAcAiDo@qBOaAFcACSQw@Ua@_GiB,2262.17,0,0,3/15/2026 12:40:12,0.0,0.0
133134,Flatbush Ave - Southbound - Kings Hwy to Fillmore Ave,Brooklyn,i`}vFfwgbMbFoFhIsJr]aa@,3664.03,900,3,3/16/2026 16:15:01,204.0,17.96,Flatbush Ave - Southbound - Kings Hwy to Fillmore Ave,Brooklyn,i`}vFfwgbMbFoFhIsJr]aa@,3664.03,900,2,3/15/2026 12:40:12,170.0,21.55
134133,Flatbush Ave - Northbound - Fillmore Ave to Kings Hwy,Brooklyn,}p{vF|`fbM_BjBeF|Fu]da@{EfF,3637.56,900,42,3/16/2026 16:15:01,283.0,12.85,Flatbush Ave - Northbound - Fillmore Ave to Kings Hwy,Brooklyn,}p{vF|`fbM_BjBeF|Fu]da@{EfF,3637.56,900,58,3/15/2026 12:40:12,194.0,18.75
139146,Richmond Ave - Southbound - Wainwright Ave to Amboy Rd,Queens,m|pvFphucMbn@qItP_C`H_A|AWf@YlB{B`J}AbFuApEcF,6482.4,900,59,3/16/2026 16:15:01,324.0,20.01,Richmond Ave - Southbound - Wainwright Ave to Amboy Rd,Queens,m|pvFphucMbn@qItP_C`H_A|AWf@YlB{B`J}AbFuApEcF,6482.4,900,31,3/15/2026 12:40:12,346.0,18.74
140120,Beach Channel Dr - Westbound - Beach 140 St to Aviators Sports Complex,Queens,sitvFzvxaMbIdRjB|A~FpOh]p|@|JxXiC|GqcAti@ma@df@wa@ne@,16938.92,900,70,3/16/2026 16:15:01,241.0,70.29,Beach Channel Dr - Westbound - Beach 140 St to Aviators Sports Complex,Queens,sitvFzvxaMbIdRjB|A~FpOh]p|@|JxXiC|GqcAti@ma@df@wa@ne@,16938.92,900,43,3/15/2026 12:40:12,268.0,63.2
140144,Beach Channel Dr - Eastbound - Beach 140 St to Beach 116 St,Queens,whtvFlvxaM}Rwd@mAuCw@cD_AuJOyQnAcM{@_i@,6413.01,900,77,3/16/2026 16:15:01,155.0,41.37,Beach Channel Dr - Eastbound - Beach 140 St to Beach 116 St,Queens,whtvFlvxaM}Rwd@mAuCw@cD_AuJOyQnAcM{@_i@,6413.01,900,56,3/15/2026 12:40:12,154.5,41.51
144140,Beach Channel Dr - Westbound - Beach 116 St to Beach 140 St,Queens,_duvFxptaMbAnh@oAhMRhRx@rI|@`EpUti@,6431.79,900,91,3/16/2026 16:15:01,162.0,39.7,Beach Channel Dr - Westbound - Beach 116 St to Beach 140 St,Queens,_duvFxptaMbAnh@oAhMRhRx@rI|@`EpUti@,6431.79,900,60,3/15/2026 12:40:12,149.5,43.02
145121,Hylan Blvd - Southbound - Keegans Ln to Richmond Ave,Staten Island,mznvFf~ncM|@lAfDpDzBhDvMzRxH|IfB|@zD`FlZfVrVlZ,7276.22,900,12,3/16/2026 16:15:01,196.5,37.03,Hylan Blvd - Southbound - Keegans Ln to Richmond Ave,Staten Island,mznvFf~ncM|@lAfDpDzBhDvMzRxH|IfB|@zD`FlZfVrVlZ,7276.22,900,13,3/15/2026 12:40:12,190.0,38.3
146121,Richmond Ave - Southbound - Amboy Rd to Hylan Blvd,Staten Island,crmvFxetcM~IoIzYeXhBeBdByB|JmT,4389.04,900,25,3/16/2026 16:15:01,130.0,33.76,Richmond Ave - Southbound - Amboy Rd to Hylan Blvd,Staten Island,crmvFxetcM~IoIzYeXhBeBdByB|JmT,4389.04,900,19,3/15/2026 12:40:12,171.0,25.67
146139,Richmond Ave - Northbound - Amboy Rd to Wainwright Ave,Staten Island,csmvFbetcM{CpDcAp@}D`AaJ|A_@L{AtBs@b@oALwf@xG_a@lF,6450.81,900,34,3/16/2026 16:15:01,204.5,31.54,Richmond Ave - Northbound - Amboy Rd to Wainwright Ave,Staten Island,csmvFbetcM{CpDcAp@}D`AaJ|A_@L{AtBs@b@oALwf@xG_a@lF,6450.81,0,0,3/15/2026 12:40:12,0.0,0.0
147150,Rockaway Blvd - Southbound - South Conduit Ave to Farmers Blvd,Queens,}uewFhdiaMbNeLdNyK`DkA|CDv@kDhAyC,3224.15,900,2,3/16/2026 16:15:01,503.0,6.41,Rockaway Blvd - Southbound - South Conduit Ave to Farmers Blvd,Queens,}uewFhdiaMbNeLdNyK`DkA|CDv@kDhAyC,3224.15,0,0,3/15/2026 12:40:12,0.0,0.0
148150,Rockaway Blvd - Northbound - Brookville Blvd to Farmers Blvd,Queens,qs`wFn~aaMoMtMiKnKyBjDqj@nkAuUjg@}P|`@yBjE,10952.42,900,30,3/16/2026 16:15:01,279.0,39.26,Rockaway Blvd - Northbound - Brookville Blvd to Farmers Blvd,Queens,qs`wFn~aaMoMtMiKnKyBjDqj@nkAuUjg@}P|`@yBjE,10952.42,0,0,3/15/2026 12:40:12,0.0,0.0
150148,Rockaway Blvd - Southbound - Farmers Blvd to Brookville Blvd ,Queens,qidwF|}gaMbCyEzBsFbWqk@lV{g@da@e{@|LyMtNoN,11004.77,900,3,3/16/2026 16:15:01,475.0,23.17,Rockaway Blvd - Southbound - Farmers Blvd to Brookville Blvd ,Queens,qidwF|}gaMbCyEzBsFbWqk@lV{g@da@e{@|LyMtNoN,11004.77,0,0,3/15/2026 12:40:12,0.0,0.0
154182,Beach Channel Dr - Eastbound - Bay 32 st to Mott Ave,Queens,wlxvFflfaMyKyYgBeC_A_EaDcGqH_QoFiBg@Y,3942.33,900,5,3/16/2026 16:15:01,201.0,19.61,Beach Channel Dr - Eastbound - Bay 32 st to Mott Ave,Queens,wlxvFflfaMyKyYgBeC_A_EaDcGqH_QoFiBg@Y,3942.33,900,3,3/15/2026 12:40:12,201.0,19.61
155180,Seagirt Blvd - Westbound - Beach 9th St to Beach 32nd St,Queens,{_xvFxcbaM`FxUZjFLdEB~TOzNc@hKuBrI]vK|@`S}@~H{AvB,6602.6,900,36,3/16/2026 16:15:01,344.5,19.17,Seagirt Blvd - Westbound - Beach 9th St to Beach 32nd St,Queens,{_xvFxcbaM`FxUZjFLdEB~TOzNc@hKuBrI]vK|@`S}@~H{AvB,6602.6,900,24,3/15/2026 12:40:12,165.0,40.02
156181,Beach Channel Dr - Eastbound - Beach 90 st to Beach 69 st,Queens,mjvvFnmpaMaByAoJwUGoDPwGUsHs@mCYqD@uC|AkMcByV]w@{G_Fg@uBIkD,6016.21,900,14,3/16/2026 16:15:01,142.5,42.22,Beach Channel Dr - Eastbound - Beach 90 st to Beach 69 st,Queens,mjvvFnmpaMaByAoJwUGoDPwGUsHs@mCYqD@uC|AkMcByV]w@{G_Fg@uBIkD,6016.21,900,11,3/15/2026 12:40:12,151.0,39.84
157158,Main St - Northbound - Roosevelt Ave to Northern Blvd,Queens,azwwFr|raMwKjEwG`D,1353.43,900,6,3/16/2026 16:15:01,621.0,2.18,Main St - Northbound - Roosevelt Ave to Northern Blvd,Queens,azwwFr|raMwKjEwG`D,1353.43,900,9,3/15/2026 12:40:12,191.0,7.09
157160,Main St @ Roosevelt to Kissena Blvd @ Sanford Ave,Queens,_zwwFx}raMlDsAf@q@fG_N,1258.02,900,2,3/16/2026 16:15:01,302.0,4.17,Main St @ Roosevelt to Kissena Blvd @ Sanford Ave,Queens,_zwwFx}raMlDsAf@q@fG_N,1258.02,900,5,3/15/2026 12:40:12,826.0,1.52
157163,Roosevelt Ave - Eastbound - Main St to Parsons Blvd,Queens,{ywwFf}raM}Koq@,2356.96,900,12,3/16/2026 16:15:01,177.0,13.32,Roosevelt Ave - Eastbound - Main St to Parsons Blvd,Queens,{ywwFf}raM}Koq@,2356.96,900,9,3/15/2026 12:40:12,213.0,11.07
158157,Main St - Southbound - Northern Blvd to Roosevelt Ave,Queens,koxwFvisaM|GwDfK_E,1342.98,900,6,3/16/2026 16:15:01,323.0,4.16,Main St - Southbound - Northern Blvd to Roosevelt Ave,Queens,koxwFvisaM|GwDfK_E,1342.98,900,7,3/15/2026 12:40:12,465.0,2.89
158165,Northern Blvd - Eastbound - Main St to Union St,Queens,knxwFbhsaMcBoJmBuJ,1094.45,900,99,3/16/2026 16:15:01,58.0,18.87,Northern Blvd - Eastbound - Main St to Union St,Queens,knxwFbhsaMcBoJmBuJ,1094.45,0,0,3/15/2026 12:40:12,0.0,0.0
159176,Sanford Ave - Westbound - Main St to College Pnt Blvd,Queens,ehwwFztraMtKvY,1395.48,900,3,3/16/2026 16:15:01,240.0,5.81,Sanford Ave - Westbound - Main St to College Pnt Blvd,Queens,ehwwFztraMtKvY,1395.48,900,2,3/15/2026 12:40:12,149.0,9.37
159179,Main St - Southbound - Sanford Ave to Peck Ave,Queens,ahwwFburaM|McE`Bc@zFqC~BmB`BcAnAm@hAIhA@bDT,2811.63,900,4,3/16/2026 16:15:01,135.0,20.83,Main St - Southbound - Sanford Ave to Peck Ave,Queens,ahwwFburaM|McE`Bc@zFqC~BmB`BcAnAm@hAIhA@bDT,2811.63,900,4,3/15/2026 12:40:12,438.0,6.42
160157,Kissena Blvd @ Sanford Ave to Main St @ Roosevelt Ave - Northbound,Queens,kkwwFviraMaHbO_ExA,1259.4,900,6,3/16/2026 16:15:01,464.5,2.71,Kissena Blvd @ Sanford Ave to Main St @ Roosevelt Ave - Northbound,Queens,kkwwFviraMaHbO_ExA,1259.4,900,7,3/15/2026 12:40:12,297.0,4.24
160159,Sanford Avenue - Westbound - Kissena Blvd to Main St,Queens,ckwwFfjraMzAxI,506.67,900,27,3/16/2026 16:15:01,151.0,3.36,Sanford Avenue - Westbound - Kissena Blvd to Main St,Queens,ckwwFfjraMzAxI,506.67,900,25,3/15/2026 12:40:12,226.0,2.24
160183,Kissena Blvd - Southbound - Sanford Ave to Holly Ave,Queens,akwwFtjraMlB}DhFgHzH_KfIaK|HuI,3254.72,900,4,3/16/2026 16:15:01,722.5,4.5,Kissena Blvd - Southbound - Sanford Ave to Holly Ave,Queens,akwwFtjraMlB}DhFgHzH_KfIaK|HuI,3254.72,0,0,3/15/2026 12:40:12,0.0,0.0
161162,Horace Harding Expwy NSR - Westbound - Kissena Blvd to Main St,Queens,e{swFh_paMgAxGuB`JaNxk@,3113.87,900,25,3/16/2026 16:15:01,132.0,23.59,Horace Harding Expwy NSR - Westbound - Kissena Blvd to Main St,Queens,e{swFh_paMgAxGuB`JaNxk@,3113.87,900,16,3/15/2026 12:40:12,153.0,20.35
162175,Horace Harding Expwy - Westbound - Main St to College Pnt Blvd,Queens,_ptwF|_raMWtAqBf`@wAz]w@dD,3237.65,900,15,3/16/2026 16:15:01,123.0,26.32,Horace Harding Expwy - Westbound - Main St to College Pnt Blvd,Queens,_ptwF|_raMWtAqBf`@wAz]w@dD,3237.65,900,12,3/15/2026 12:40:12,153.0,21.16
162179,Main St - Northbound - Horace Harding Expwy to Peck Ave,Queens,cptwFr_raMaXxCgPgA,2490.09,900,2,3/16/2026 16:15:01,1304.0,1.91,Main St - Northbound - Horace Harding Expwy to Peck Ave,Queens,cptwFr_raMaXxCgPgA,2490.09,900,2,3/15/2026 12:40:12,358.0,6.96
163157,Roosevelt Ave - Westbound - Parsons Blvd to Main St,Queens,ogxwF`kqaMzKlq@,2353.17,900,12,3/16/2026 16:15:01,651.0,3.61,Roosevelt Ave - Westbound - Parsons Blvd to Main St,Queens,ogxwF`kqaMzKlq@,2353.17,900,9,3/15/2026 12:40:12,339.0,6.94
163164,Parsons Blvd - Northbound - Roosevelt Ave to Northern Blvd,Queens,egxwFpjqaM}QxG,1172.03,900,10,3/16/2026 16:15:01,454.0,2.58,Parsons Blvd - Northbound - Roosevelt Ave to Northern Blvd,Queens,egxwFpjqaM}QxG,1172.03,900,9,3/15/2026 12:40:12,190.0,6.17
164163,Parsons Blvd - Southbound - Northern Blvd to Roosevel Ave,Queens,_zxwFbtqaM~Q{G,1176.39,900,12,3/16/2026 16:15:01,190.5,6.18,Parsons Blvd - Southbound - Northern Blvd to Roosevel Ave,Queens,_zxwFbtqaM~Q{G,1176.39,900,4,3/15/2026 12:40:12,308.0,3.82
164165,Northern Blvd - Westbound - Parsons Blvd to Union St,Queens,szxwF`tqaMv@xMhAzL,1290.85,900,4,3/16/2026 16:15:01,1543.0,0.84,Northern Blvd - Westbound - Parsons Blvd to Union St,Queens,szxwF`tqaMv@xMhAzL,1290.85,0,0,3/15/2026 12:40:12,0.0,0.0
165158,Northern Blvd - Westbound - Union St to Main St,Queens,gvxwFzpraMxDpW,1137.68,900,2,3/16/2026 16:15:01,1017.0,1.12,Northern Blvd - Westbound - Union St to Main St,Queens,gvxwFzpraMxDpW,1137.68,0,0,3/15/2026 12:40:12,0.0,0.0
165164,Northern Blvd - Eastbound - Union St to Parsons Blvd,Queens,_uxwF`qraMsAaM{@qN,1336.96,900,9,3/16/2026 16:15:01,634.0,2.11,Northern Blvd - Eastbound - Union St to Parsons Blvd,Queens,_uxwF`qraMsAaM{@qN,1336.96,0,0,3/15/2026 12:40:12,0.0,0.0
166169,Jackie Robinson Pkwy - Northbound- Metropolitan Ave to Queens Blvd,Queens,a~mwF~cuaMi@gA{BsHqByIy@aBoByCcBkCoHsPsDyIOo@w@uEy@}D,4068.21,900,137,3/16/2026 16:15:01,175.0,23.25,Jackie Robinson Pkwy - Northbound- Metropolitan Ave to Queens Blvd,Queens,a~mwF~cuaMi@gA{BsHqByIy@aBoByCcBkCoHsPsDyIOo@w@uEy@}D,4068.21,900,164,3/15/2026 12:40:12,147.0,27.67
167166,Jackie Robinson Pkwy - Northbound - Forest Pk Dr to Metropolitan Ave,Queens,gwkwFhyzaMoC_GgBkAoFeAyCo@aC_B{AwBu@}BcAwE[_GDqGx@eJLyD_@oEsD{LeAwIm@cDcAwB_BuCsBaC}CsBcDqCmBcEi@gDK{BKgOOuF]}FoAyEyAuD,9904.74,900,170,3/16/2026 16:15:01,472.0,20.98,Jackie Robinson Pkwy - Northbound - Forest Pk Dr to Metropolitan Ave,Queens,gwkwFhyzaMoC_GgBkAoFeAyCo@aC_B{AwBu@}BcAwE[_GDqGx@eJLyD_@oEsD{LeAwIm@cDcAwB_BuCsBaC}CsBcDqCmBcEi@gDK{BKgOOuF]}FoAyEyAuD,9904.74,900,165,3/15/2026 12:40:12,155.0,63.9
170095,Woodhaven Blvd - Southbound - Dry Harbor Rd to Furmanville Ave,Queens,qsqwFj}zaMvSgI|QiPjFuE,3160.37,900,204,3/16/2026 16:15:01,170.0,18.59,Woodhaven Blvd - Southbound - Dry Harbor Rd to Furmanville Ave,Queens,qsqwFj}zaMvSgI|QiPjFuE,3160.37,900,92,3/15/2026 12:40:12,233.5,13.53
175184,College Pnt Blvd - Northbound - Horace Harding Expwy to Booth Memorial Ave,Queens,wxtwFfhtaMwC_FqBwA_IoDaA{@uCcF,1852.28,900,13,3/16/2026 16:15:01,107.0,17.31,College Pnt Blvd - Northbound - Horace Harding Expwy to Booth Memorial Ave,Queens,wxtwFfhtaMwC_FqBwA_IoDaA{@uCcF,1852.28,900,49,3/15/2026 12:40:12,129.0,14.36
176177,College Pnt Blvd - Northbound - Sanford Ave to Roosevelt Ave,Queens,}{vwFhosaMcTbF,1272.67,900,10,3/16/2026 16:15:01,181.5,7.01,College Pnt Blvd - Northbound - Sanford Ave to Roosevelt Ave,Queens,}{vwFhosaMcTbF,1272.67,900,12,3/15/2026 12:40:12,158.0,8.05
177157,Roosevelt Ave - Eastbound - College Pnt Blvd to Main St,Queens,_qwwFjvsaMi@oAsFkU,1219.27,900,15,3/16/2026 16:15:01,288.0,4.23,Roosevelt Ave - Eastbound - College Pnt Blvd to Main St,Queens,_qwwFjvsaMi@oAsFkU,1219.27,900,20,3/15/2026 12:40:12,193.0,6.32
177178,College Pnt Blvd - Northbound - Roosevelt Ave to 35th Ave,Queens,urwwFzvsaMwShEeGv@sBxA,1972.47,900,31,3/16/2026 16:15:01,106.0,18.61,College Pnt Blvd - Northbound - Roosevelt Ave to 35th Ave,Queens,urwwFzvsaMwShEeGv@sBxA,1972.47,900,26,3/15/2026 12:40:12,92.0,21.44
178177,College Pnt Blvd - Southbound - 35th Ave to Roosevelt Ave,Queens,asxwFhbtaMdB_AnJoA|PsD,1962.43,900,6,3/16/2026 16:15:01,1025.5,1.91,College Pnt Blvd - Southbound - 35th Ave to Roosevelt Ave,Queens,asxwFhbtaMdB_AnJoA|PsD,1962.43,0,0,3/15/2026 12:40:12,0.0,0.0
179162,Main St - Southbound - Peck Ave to Horace Harding Expwy,Queens,qzuwFvbraMhPfAvWoC,2473.72,900,14,3/16/2026 16:15:01,251.0,9.86,Main St - Southbound - Peck Ave to Horace Harding Expwy,Queens,qzuwFvbraMhPfAvWoC,2473.72,900,21,3/15/2026 12:40:12,223.0,11.09
180155,Seagirt Blvd - Eastbound - Beach 32nd St to Beach 9th St,Queens,u}wvFjwfaMrB{OeA_Wr@yHhAaE\{B`@}JNaIDwSGgHYsHO}AcF}U,6745.41,900,82,3/16/2026 16:15:01,249.0,27.09,Seagirt Blvd - Eastbound - Beach 32nd St to Beach 9th St,Queens,u}wvFjwfaMrB{OeA_Wr@yHhAaE\{B`@}JNaIDwSGgHYsHO}AcF}U,6745.41,900,37,3/15/2026 12:40:12,341.0,19.78
181154,Beach Channel Dr - Eastbound - Beach 69 st to Bay 32 st,Queens,igwvFdulaMkAsh@{IeZMeEoCe~@a@iVmAySG_H}BsAoESu@Ys@cAo@oB,9722.75,900,9,3/16/2026 16:15:01,574.0,16.94,Beach Channel Dr - Eastbound - Beach 69 st to Bay 32 st,Queens,igwvFdulaMkAsh@{IeZMeEoCe~@a@iVmAySG_H}BsAoESu@Ys@cAo@oB,9722.75,900,6,3/15/2026 12:40:12,584.0,16.65
181156,Beach Channel Dr - Westbound- Beach 69 st to Beach 90 st,Queens,wgwvFfulaMLxF^bAbHnFRz@j@tJn@dKeBxLL~EfAhGJzGGtLpJdVv@dC,6032.8,900,5,3/16/2026 16:15:01,193.0,31.26,Beach Channel Dr - Westbound- Beach 69 st to Beach 90 st,Queens,wgwvFfulaMLxF^bAbHnFRz@j@tJn@dKeBxLL~EfAhGJzGGtLpJdVv@dC,6032.8,0,0,3/15/2026 12:40:12,0.0,0.0
183161,Kissena Blvd -  Southbound - Holly Ave to Horace Harding Expwy NSR,Queens,ibvwFrxpaMpJiKnEgFvEsF~CqDTQf@OnBDlALvHfBbMlCtANfADvAAPH\?,4711.01,900,10,3/16/2026 16:15:01,398.0,11.84,Kissena Blvd -  Southbound - Holly Ave to Horace Harding Expwy NSR,Queens,ibvwFrxpaMpJiKnEgFvEsF~CqDTQf@OnBDlALvHfBbMlCtANfADvAAPH\?,4711.01,900,11,3/15/2026 12:40:12,289.0,16.3
184175,College Pnt Blvd - Southbound - Booth Memorial Ave to Horace Harding Expwy,Queens,sruwFxpsaMdDzF`Ax@dGhC`CtAxDlG,1890.21,900,26,3/16/2026 16:15:01,60.0,31.5,College Pnt Blvd - Southbound - Booth Memorial Ave to Horace Harding Expwy,Queens,sruwFxpsaMdDzF`Ax@dGhC`CtAxDlG,1890.21,900,88,3/15/2026 12:40:12,86.0,21.98
184176,College Point Blvd - Northbound - Booth Memorial Ave to Sanford Ave,Queens,{quwFvosaMU]cT}Cs@CiQjD,2499.96,900,2,3/16/2026 16:15:01,1538.0,1.63,College Point Blvd - Northbound - Booth Memorial Ave to Sanford Ave,Queens,{quwFvosaMU]cT}Cs@CiQjD,2499.96,900,17,3/15/2026 12:40:12,176.0,14.2
188189,5th Avenue  - Southbound - 96 St to 86 St,Manhattan,mk}wFrnkbM|f@~[,2660.26,900,29,3/16/2026 16:15:01,117.0,22.74,5th Avenue  - Southbound - 96 St to 86 St,Manhattan,mk}wFrnkbM|f@~[,2660.26,900,42,3/15/2026 12:40:12,98.5,27.01
189022,5th Avenue - Southbound - 86 St to 72 St,Manhattan,oc|wFrklbMrw@lh@,3778.77,900,28,3/16/2026 16:15:01,500.5,7.55,5th Avenue - Southbound - 86 St to 72 St,Manhattan,oc|wFrklbMrw@lh@,3778.77,900,29,3/15/2026 12:40:12,219.0,17.25
190191,Lexington Ave - Southbound - 96 St to 86 St,Manhattan,u~|wFjpjbMzf@`\,2658.42,900,6,3/16/2026 16:15:01,413.0,6.44,Lexington Ave - Southbound - 96 St to 86 St,Manhattan,u~|wFjpjbMzf@`\,2658.42,900,11,3/15/2026 12:40:12,160.0,16.62
191021,Lexington Ave - Southbound - 86 St to 72 St,Manhattan,yv{wFhmkbMtw@lh@,3781.98,900,23,3/16/2026 16:15:01,311.0,12.16,Lexington Ave - Southbound - 86 St to 72 St,Manhattan,yv{wFhmkbMtw@lh@,3781.98,900,22,3/15/2026 12:40:12,238.0,15.89
193021,72nd Streeet - Westbound - 2nd Ave to Lexington Ave,Manhattan,etywF|~kbMk@jBy@rB_AvC_DzJ,1202.3,900,24,3/16/2026 16:15:01,138.0,8.71,72nd Streeet - Westbound - 2nd Ave to Lexington Ave,Manhattan,etywF|~kbMk@jBy@rB_AvC_DzJ,1202.3,900,15,3/15/2026 12:40:12,128.0,9.39
194196,Williamsburg Bridge - Eastbound - Manhattan @ Delancey to Brooklyn @ Bedford Ave,Manhattan,_sowFvgqbMrh@ihC,6550.2,900,373,3/16/2026 16:15:01,112.0,58.48,Williamsburg Bridge - Eastbound - Manhattan @ Delancey to Brooklyn @ Bedford Ave,Manhattan,_sowFvgqbMrh@ihC,6550.2,900,285,3/15/2026 12:40:12,108.0,60.65
197195,Williamsburg Bridge - Westbound - Brooklyn @ Bedford Ave to Manhattan @ Delancey,Manhattan,aknwFr}lbMwh@fhC,6550.31,900,313,3/16/2026 16:15:01,427.0,15.34,Williamsburg Bridge - Westbound - Brooklyn @ Bedford Ave to Manhattan @ Delancey,Manhattan,aknwFr}lbMwh@fhC,6550.31,900,315,3/15/2026 12:40:12,471.0,13.91
199200,Battery Park Underpass - West St (Southbound) to FDR Dr (Northbound),Manhattan,admwF|kwbMfBBlIcBfGcFp@uFUqD]}C,2214.93,900,4,3/16/2026 16:15:01,1804.5,1.23,Battery Park Underpass - West St (Southbound) to FDR Dr (Northbound),Manhattan,admwF|kwbMfBBlIcBfGcFp@uFUqD]}C,2214.93,900,6,3/15/2026 12:40:12,1206.0,1.84
200199,Battery Park Underpass - FDR Dr (Southbound) to West St (Northbound),Manhattan,ynlwFbqvbMb@tGSjC_@|AkBpB_CvAoD~@yC^oB?,2066.47,900,171,3/16/2026 16:15:01,403.0,5.13,Battery Park Underpass - FDR Dr (Southbound) to West St (Northbound),Manhattan,ynlwFbqvbMb@tGSjC_@|AkBpB_CvAoD~@yC^oB?,2066.47,900,115,3/15/2026 12:40:12,61.0,33.88
201071,Atlantic Avenue - Westbound - Carlton Ave to Flatbush Ave,Brooklyn,uxhwFpknbMo@bFe@rE}B~QeBhH,1953.12,900,64,3/16/2026 16:15:01,107.0,18.25,Atlantic Avenue - Westbound - Carlton Ave to Flatbush Ave,Brooklyn,uxhwFpknbMo@bFe@rE}B~QeBhH,1953.12,900,72,3/15/2026 12:40:12,92.5,21.11
204008,Madison Avenue - northbound - 23 st to 34 st,Manhattan,wetwFtwqbMqi@_^,2839.04,900,2,3/16/2026 16:15:01,271.0,10.48,Madison Avenue - northbound - 23 st to 34 st,Manhattan,wetwFtwqbMqi@_^,2839.04,900,2,3/15/2026 12:40:12,190.0,14.94
2012,49th Street - Westbound - Lexington Ave to Madison Ave,Manhattan,ecwwFdynbMgC~HgC~H,1013.97,0,0,3/16/2026 16:15:01,0.0,0.0,49th Street - Westbound - Lexington Ave to Madison Ave,Manhattan,ecwwFdynbMgC~HgC~H,1013.97,900,14,3/15/2026 12:40:12,616.5,1.64
3013,57th Street - Westbound - Lexington Ave to Madison Ave,Manhattan,gcxwFvanbM_CpHoCrI,1021.15,0,0,3/16/2026 16:15:01,0.0,0.0,57th Street - Westbound - Lexington Ave to Madison Ave,Manhattan,gcxwFvanbM_CpHoCrI,1021.15,0,0,3/15/2026 12:40:12,0.0,0.0
5002,49th Street - Westbound - 3rd Ave to Lexington Ave,Manhattan,a_wwFfonbMcC|H,501.04,0,0,3/16/2026 16:15:01,0.0,0.0,49th Street - Westbound - 3rd Ave to Lexington Ave,Manhattan,a_wwFfonbMcC|H,501.04,0,0,3/15/2026 12:40:12,0.0,0.0
6055,57th Street - Eastbound - 3rd Ave to 2nd Ave,Manhattan,_~wwFhxmbMxD}L,703.44,0,0,3/16/2026 16:15:01,0.0,0.0,57th Street - Eastbound - 3rd Ave to 2nd Ave,Manhattan,_~wwFhxmbMxD}L,703.44,0,0,3/15/2026 12:40:12,0.0,0.0
8011,Madison Avenue - Northbound - 34th St to 42nd St,Manhattan,opuwFnxpbM}JsGqJmG_G}D,2101.21,0,0,3/16/2026 16:15:01,0.0,0.0,Madison Avenue - Northbound - 34th St to 42nd St,Manhattan,opuwFnxpbM}JsGqJmG_G}D,2101.21,0,0,3/15/2026 12:40:12,0.0,0.0
8020,34th Street - Eastbound - Madison Ave to 3rd Ave,Manhattan,apuwFxxpbMdCyHjCmIfC_I,1532.57,0,0,3/16/2026 16:15:01,0.0,0.0,34th Street - Eastbound - Madison Ave to 3rd Ave,Manhattan,apuwFxxpbMdCyHjCmIfC_I,1532.57,0,0,3/15/2026 12:40:12,0.0,0.0
12013,Madison Avenue - Northbound - 49th St to 57th St,Manhattan,ukwwFfmobMk^{U,2092.07,0,0,3/16/2026 16:15:01,0.0,0.0,Madison Avenue - Northbound - 49th St to 57th St,Manhattan,ukwwFfmobMk^{U,2092.07,0,0,3/15/2026 12:40:12,0.0,0.0
13003,57th Street - Eastbound - Madison Ave to Lexington Ave,Manhattan,yjxwFpvnbM|BmHnCuI,1016.97,0,0,3/16/2026 16:15:01,0.0,0.0,57th Street - Eastbound - Madison Ave to Lexington Ave,Manhattan,yjxwFpvnbM|BmHnCuI,1016.97,0,0,3/15/2026 12:40:12,0.0,0.0
13016,57th Street - Eastbound - 5th Ave to Madison Ave,Manhattan,aoxwFr`obMtAkEp@uB,509.36,0,0,3/16/2026 16:15:01,0.0,0.0,57th Street - Eastbound - 5th Ave to Madison Ave,Manhattan,aoxwFr`obMtAkEp@uB,509.36,0,0,3/15/2026 12:40:12,0.0,0.0
14017,42nd Street - Westbound - 5th Ave to 6th Ave,Manhattan,utvwFhkpbMoGdS,1021.24,0,0,3/16/2026 16:15:01,0.0,0.0,42nd Street - Westbound - 5th Ave to 6th Ave,Manhattan,utvwFhkpbMoGdS,1021.24,0,0,3/15/2026 12:40:12,0.0,0.0
16013,57th Street - Westbound - Madison Ave to 5th Ave,Manhattan,wkxwF|unbMqAdEu@zB,509.39,0,0,3/16/2026 16:15:01,0.0,0.0,57th Street - Westbound - Madison Ave to 5th Ave,Manhattan,wkxwF|unbMqAdEu@zB,509.39,0,0,3/15/2026 12:40:12,0.0,0.0
17014,42nd Street - Eastbound - 6th Ave to 5th Ave,Manhattan,i|vwFb`qbMpGeS,1023.02,0,0,3/16/2026 16:15:01,0.0,0.0,42nd Street - Eastbound - 6th Ave to 5th Ave,Manhattan,i|vwFb`qbMpGeS,1023.02,0,0,3/15/2026 12:40:12,0.0,0.0
17059,42nd Street - Westbound - 6th Ave to 7th Ave,Manhattan,e}vwFl_qbMmFtP,894.47,0,0,3/16/2026 16:15:01,0.0,0.0,42nd Street - Westbound - 6th Ave to 7th Ave,Manhattan,e}vwFl_qbMmFtP,894.47,0,0,3/15/2026 12:40:12,0.0,0.0
19016,57th Street - Eastbound - 6th Ave to 5th Ave,Manhattan,qwxwFztobMnGgS,1023.54,0,0,3/16/2026 16:15:01,0.0,0.0,57th Street - Eastbound - 6th Ave to 5th Ave,Manhattan,qwxwFztobMnGgS,1023.54,0,0,3/15/2026 12:40:12,0.0,0.0
20004,3rd Avenue - Northbound - 34th St to 42nd St,Manhattan,ucuwFfzobMaKuGqFmD_KyG,2106.28,0,0,3/16/2026 16:15:01,0.0,0.0,3rd Avenue - Northbound - 34th St to 42nd St,Manhattan,ucuwFfzobMaKuGqFmD_KyG,2106.28,0,0,3/15/2026 12:40:12,0.0,0.0
20008,34th Street - Westbound - 3rd Ave to Madison Ave,Manhattan,eduwFzyobMeCbIgCbIgC`I,1531.44,0,0,3/16/2026 16:15:01,0.0,0.0,34th Street - Westbound - 3rd Ave to Madison Ave,Manhattan,eduwFzyobMeCbIgCbIgC`I,1531.44,900,23,3/15/2026 12:40:12,75.0,20.42
24026,Belt Pkwy - Westbound - Cross Bay Blvd to Pennsylvania Ave,Brooklyn,grewFbeuaMfH`UFb@rEpMtHtQlBrDvEpHrO|SdJ`NzAfCnIpOtXjn@hBjDdGhJdE|EjE~DnEdDdIlE,12915.87,0,0,3/16/2026 16:15:01,0.0,0.0,Belt Pkwy - Westbound - Cross Bay Blvd to Pennsylvania Ave,Brooklyn,grewFbeuaMfH`UFb@rEpMtHtQlBrDvEpHrO|SdJ`NzAfCnIpOtXjn@hBjDdGhJdE|EjE~DnEdDdIlE,12915.87,0,0,3/15/2026 12:40:12,0.0,0.0
25035,Belt Pkwy - Westbound - Ocean Pkwy to Bay 8th St,Brooklyn,iquvFtrmbMh@|OfB~QvA~M`@|H@lHUxFaAzLqC`WmBdLgChIuDdGsCvCuFhDuLxEyDxB_E`DqKnLmF|Iw@fBcBlFgAzFgA|HsAnEoBrEwOjYgC~FwCjJqB|JoGx\,17547.15,0,0,3/16/2026 16:15:01,0.0,0.0,Belt Pkwy - Westbound - Ocean Pkwy to Bay 8th St,Brooklyn,iquvFtrmbMh@|OfB~QvA~M`@|H@lHUxFaAzLqC`WmBdLgChIuDdGsCvCuFhDuLxEyDxB_E`DqKnLmF|Iw@fBcBlFgAzFgA|HsAnEoBrEwOjYgC~FwCjJqB|JoGx\,17547.15,0,0,3/15/2026 12:40:12,0.0,0.0
26034,Belt Pkwy - Westbound - Erskine St to Flatbush Ave,Queens,ccawFb~{aMhf@tRpGhDpHbGvHfI|FtI|b@rv@tE`GxD~CvCnBdDvA|FlA|D\hE@`Rs@hLK|HDrH\dDb@pDt@pGdBjCb@rRpBjBv@fCdBzA|A`FpHbBbE|C~JbCpFfDlErEhD,20198.01,0,0,3/16/2026 16:15:01,0.0,0.0,Belt Pkwy - Westbound - Erskine St to Flatbush Ave,Queens,ccawFb~{aMhf@tRpGhDpHbGvHfI|FtI|b@rv@tE`GxD~CvCnBdDvA|FlA|D\hE@`Rs@hLK|HDrH\dDb@pDt@pGdBjCb@rRpBjBv@fCdBzA|A`FpHbBbE|C~JbCpFfDlErEhD,20198.01,0,0,3/15/2026 12:40:12,0.0,0.0
27034,Belt Pkwy - Eastbound - Ocean Pkwy to Flatbush,Brooklyn,mpuvFtrmbMSsIkAwSoBmUU}IBgJTsEdA{LL_HOaMi@{O_@qFcAsOeDu]QoGLiG|@gHrGk[pAsHv@yJPqRg@gO{AoLoCwKkIqReDiFuCoCeG{CkGaAiFDmInAqELaH_B,19771.69,0,0,3/16/2026 16:15:01,0.0,0.0,Belt Pkwy - Eastbound - Ocean Pkwy to Flatbush,Brooklyn,mpuvFtrmbMSsIkAwSoBmUU}IBgJTsEdA{LL_HOaMi@{O_@qFcAsOeDu]QoGLiG|@gHrGk[pAsHv@yJPqRg@gO{AoLoCwKkIqReDiFuCoCeG{CkGaAiFDmInAqELaH_B,19771.69,0,0,3/15/2026 12:40:12,0.0,0.0
28029,Belt Pkwy - Eastbound - Pennsylvania Ave to Cross Bay Blvd,Brooklyn,ybawF`}{aMwH_EkHiGyFkGgG}IeHcNaMoYsFmLuRq\wE{GcJyL_I{LkBsDkC{F{J}W_IoWg@yB,13098.76,0,0,3/16/2026 16:15:01,0.0,0.0,Belt Pkwy - Eastbound - Pennsylvania Ave to Cross Bay Blvd,Brooklyn,ybawF`}{aMwH_EkHiGyFkGgG}IeHcNaMoYsFmLuRq\wE{GcJyL_I{LkBsDkC{F{J}W_IoWg@yB,13098.76,0,0,3/15/2026 12:40:12,0.0,0.0
29150,Belt Pkwy EB @ Cross Bay Blvd - Rockaway Blvd @ Farmers Blvd,Queens,mqewFdcuaM_B_Hy@cGEiFnAaKzByL|@yI`A}Gf@aKbFoNWiNbEmn@`@}M}@mHgHmWkBwTY}Vx@sZb@mIzHm`A`DmQhJ{YbBaJ|AgE,19472.98,0,0,3/16/2026 16:15:01,0.0,0.0,Belt Pkwy EB @ Cross Bay Blvd - Rockaway Blvd @ Farmers Blvd,Queens,mqewFdcuaM_B_Hy@cGEiFnAaKzByL|@yI`A}Gf@aKbFoNWiNbEmn@`@}M}@mHgHmWkBwTY}Vx@sZb@mIzHm`A`DmQhJ{YbBaJ|AgE,19472.98,900,2,3/15/2026 12:40:12,984.0,19.79
30171,Henry Hudson Pkwy - Northbound - 57th St to 79th St,Manhattan,{dzwFx~rbMgUiNyT{NgJmGcIaHqMuIsF_D,5856.76,0,0,3/16/2026 16:15:01,0.0,0.0,Henry Hudson Pkwy - Northbound - 57th St to 79th St,Manhattan,{dzwFx~rbMgUiNyT{NgJmGcIaHqMuIsF_D,5856.76,0,0,3/15/2026 12:40:12,0.0,0.0
33024,Belt Pkwy - Westbound - East of JFK to Crossbay Blvd.,Queens,qxewFjriaMlCnl@LdEX~W@jHIdMy@xy@QjBMrXx@vIrAzFlDbQb@vEFpHk@~[e@zRw@zOu@zGcCdMwAlJIhHf@bF|B`L,16703.62,0,0,3/16/2026 16:15:01,0.0,0.0,Belt Pkwy - Westbound - East of JFK to Crossbay Blvd.,Queens,qxewFjriaMlCnl@LdEX~W@jHIdMy@xy@QjBMrXx@vIrAzFlDbQb@vEFpHk@~[e@zRw@zOu@zGcCdMwAlJIhHf@bF|B`L,16703.62,0,0,3/15/2026 12:40:12,0.0,0.0
34028,Belt Pkwy - Eastbound - Flatbush Ave to Erskine St,Brooklyn,u_xvFlbbbMcEwC{EkGmBmEgEcNwD}GwBgC}FaE_Cu@gQiBeRkEoLq@uVCyRr@eGGiFs@uEsA}FyDsEkE_DgE{Vgd@kLiSyFqIwCkCqHoGgKkGm[cMwI{D,20229.18,0,0,3/16/2026 16:15:01,0.0,0.0,Belt Pkwy - Eastbound - Flatbush Ave to Erskine St,Brooklyn,u_xvFlbbbMcEwC{EkGmBmEgEcNwD}GwBgC}FaE_Cu@gQiBeRkEoLq@uVCyRr@eGGiFs@uEsA}FyDsEkE_DgE{Vgd@kLiSyFqIwCkCqHoGgKkGm[cMwI{D,20229.18,0,0,3/15/2026 12:40:12,0.0,0.0
35027,Belt Pkwy - Eastbound - Bay 8th St to Ocean Pkwy,Brooklyn,}kyvFdzwbMrDsQlBaMhCwKjEkLpK}RjEwHpCiIlCgQlBeG~CkGvEwGlF}FhGqFdF_DzMcFxE_DpG}IfBcFbB_IpBcNbCiWp@yLBqJaAuNqCeWy@{R,17580.18,0,0,3/16/2026 16:15:01,0.0,0.0,Belt Pkwy - Eastbound - Bay 8th St to Ocean Pkwy,Brooklyn,}kyvFdzwbMrDsQlBaMhCwKjEkLpK}RjEwHpCiIlCgQlBeG~CkGvEwGlF}FhGqFdF_DzMcFxE_DpG}IfBcFbB_IpBcNbCiWp@yLBqJaAuNqCeWy@{R,17580.18,0,0,3/15/2026 12:40:12,0.0,0.0
35202,Belt Pkwy - Westbound - Bay 8th St to 68th St,Brooklyn,smyvFv{wbMmDbQc@xHTfYkAnJmCzGyFpJyExDcHtDwHdFuL`OsI~EkHtAqb@jEaUEq[qCky@w[,16888.42,0,0,3/16/2026 16:15:01,0.0,0.0,Belt Pkwy - Westbound - Bay 8th St to 68th St,Brooklyn,smyvFv{wbMmDbQc@xHTfYkAnJmCzGyFpJyExDcHtDwHdFuL`OsI~EkHtAqb@jEaUEq[qCky@w[,16888.42,0,0,3/15/2026 12:40:12,0.0,0.0
40041,1st Avenue - Northbound - 49th St to 57th St,Manhattan,yrvwFnrmbMu^cV,2113.41,0,0,3/16/2026 16:15:01,0.0,0.0,1st Avenue - Northbound - 49th St to 57th St,Manhattan,yrvwFnrmbMu^cV,2113.41,0,0,3/15/2026 12:40:12,0.0,0.0
40046,49th Street - Westbound - 1st Ave to 2nd Ave,Manhattan,yrvwFlrmbMgEtM,744.88,0,0,3/16/2026 16:15:01,0.0,0.0,49th Street - Westbound - 1st Ave to 2nd Ave,Manhattan,yrvwFlrmbMgEtM,744.88,0,0,3/15/2026 12:40:12,0.0,0.0
42048,42nd Street - Eastbound - 2nd Ave to 1st Ave,Manhattan,{|uwFrunbMhEyM,751.53,0,0,3/16/2026 16:15:01,0.0,0.0,42nd Street - Eastbound - 2nd Ave to 1st Ave,Manhattan,{|uwFrunbMhEyM,751.53,0,0,3/15/2026 12:40:12,0.0,0.0
44020,3rd Avenue - Northbound - 23rd St to 34th St,Manhattan,sxswFrypbMaj@k^,2871.1,0,0,3/16/2026 16:15:01,0.0,0.0,3rd Avenue - Northbound - 23rd St to 34th St,Manhattan,sxswFrypbMaj@k^,2871.1,0,0,3/15/2026 12:40:12,0.0,0.0
44105,23rd Street - Eastbound - 3rd Ave to 2nd Ave,Manhattan,_xswF~ypbMzDqL,690.93,0,0,3/16/2026 16:15:01,0.0,0.0,23rd Street - Eastbound - 3rd Ave to 2nd Ave,Manhattan,_xswF~ypbMzDqL,690.93,0,0,3/15/2026 12:40:12,0.0,0.0
46005,49th Street - Westbound - 2nd Ave to 3rd Ave,Manhattan,ayvwFbanbMyD~L,705.9,0,0,3/16/2026 16:15:01,0.0,0.0,49th Street - Westbound - 2nd Ave to 3rd Ave,Manhattan,ayvwFbanbMyD~L,705.9,900,6,3/15/2026 12:40:12,398.5,1.77
47023,6th Avenue - Northbound - 23rd St to 34th ST,Manhattan,artwF~urbMeCaB}]oUMOoFmD,2874.47,0,0,3/16/2026 16:15:01,0.0,0.0,6th Avenue - Northbound - 23rd St to 34th ST,Manhattan,artwF~urbMeCaB}]oUMOoFmD,2874.47,0,0,3/15/2026 12:40:12,0.0,0.0
47106,23rd Street - Westbound - 6th Ave to 7th Ave,Manhattan,_stwFjurbMiF`Q,905.67,0,0,3/16/2026 16:15:01,0.0,0.0,23rd Street - Westbound - 6th Ave to 7th Ave,Manhattan,_stwFjurbMiF`Q,905.67,0,0,3/15/2026 12:40:12,0.0,0.0
48040,1st Avenue - Northbound - 42nd St to 49th St,Manhattan,_wuwFnfnbM_DsByMyI}FwD,1849.46,0,0,3/16/2026 16:15:01,0.0,0.0,1st Avenue - Northbound - 42nd St to 49th St,Manhattan,_wuwFnfnbM_DsByMyI}FwD,1849.46,0,0,3/15/2026 12:40:12,0.0,0.0
50082,23rd Street - Westbound - 8th Ave to 9th Ave,Manhattan,sauwFbysbMqF~P,910.2,0,0,3/16/2026 16:15:01,0.0,0.0,23rd Street - Westbound - 8th Ave to 9th Ave,Manhattan,sauwFbysbMqF~P,910.2,0,0,3/15/2026 12:40:12,0.0,0.0
52056,57th Street - Eastbound - Broadway to 7th Ave,Manhattan,{cywF~qpbMxCkJ,576.01,0,0,3/16/2026 16:15:01,0.0,0.0,57th Street - Eastbound - Broadway to 7th Ave,Manhattan,{cywF~qpbMxCkJ,576.01,0,0,3/15/2026 12:40:12,0.0,0.0
55006,57th Street - Westbound - 2nd Ave to 3rd Ave,Manhattan,cywwFvimbM{DzL,702.79,0,0,3/16/2026 16:15:01,0.0,0.0,57th Street - Westbound - 2nd Ave to 3rd Ave,Manhattan,cywwFvimbM{DzL,702.79,0,0,3/15/2026 12:40:12,0.0,0.0
55046,2nd Avenue  - Southbound - 57th St to 49th St,Manhattan,uxwwFbjmbMhC`B|BxAxBvAzB|A~BxAzBzAzBzA~B|A,2112.17,0,0,3/16/2026 16:15:01,0.0,0.0,2nd Avenue  - Southbound - 57th St to 49th St,Manhattan,uxwwFbjmbMhC`B|BxAxBvAzB|A~BxAzBzAzBzA~B|A,2112.17,0,0,3/15/2026 12:40:12,0.0,0.0
56019,57th Street - Eastbound - 7th Ave to 6th Ave,Manhattan,a_ywFrfpbMlFwP,896.8,0,0,3/16/2026 16:15:01,0.0,0.0,57th Street - Eastbound - 7th Ave to 6th Ave,Manhattan,a_ywFrfpbMlFwP,896.8,0,0,3/15/2026 12:40:12,0.0,0.0
56037,7th Avenue - Southbound - 57th St to 49th St,Manhattan,q_ywFhfpbMfC`BzBzA~BvAzBzA|BzAzBxA|BzAzB~A,2110.34,0,0,3/16/2026 16:15:01,0.0,0.0,7th Avenue - Southbound - 57th St to 49th St,Manhattan,q_ywFhfpbMfC`BzBzA~BvAzBzA|BzAzBxA|BzAzB~A,2110.34,0,0,3/15/2026 12:40:12,0.0,0.0
59017,42nd Street - Eastbound - 7th Ave to 6th Ave,Manhattan,wcwwFtqqbMlFsP,892.06,0,0,3/16/2026 16:15:01,0.0,0.0,42nd Street - Eastbound - 7th Ave to 6th Ave,Manhattan,wcwwFtqqbMlFsP,892.06,0,0,3/15/2026 12:40:12,0.0,0.0
59053,42nd Street - Westbound - 7th Ave to 8th Ave,Manhattan,sdwwFbqqbMoFxP,901.07,0,0,3/16/2026 16:15:01,0.0,0.0,42nd Street - Westbound - 7th Ave to 8th Ave,Manhattan,sdwwFbqqbMoFxP,901.07,0,0,3/15/2026 12:40:12,0.0,0.0
60057,34th Street - Westbound - 7th Ave to 8th Ave,Manhattan,cevwFdhrbMmFtP,894.51,0,0,3/16/2026 16:15:01,0.0,0.0,34th Street - Westbound - 7th Ave to 8th Ave,Manhattan,cevwFdhrbMmFtP,894.51,900,2,3/15/2026 12:40:12,663.0,1.35
61057,34th Street - Eastbound - 9th Ave to 8th Ave,Manhattan,esvwFflsbMlFyP,899.34,0,0,3/16/2026 16:15:01,0.0,0.0,34th Street - Eastbound - 9th Ave to 8th Ave,Manhattan,esvwFflsbMlFyP,899.34,0,0,3/15/2026 12:40:12,0.0,0.0
61078,34th Street - Westbound - 9th Ave to 10th Ave,Manhattan,ctvwFpksbMoFxP,901.09,0,0,3/16/2026 16:15:01,0.0,0.0,34th Street - Westbound - 9th Ave to 10th Ave,Manhattan,ctvwFpksbMoFxP,901.09,900,13,3/15/2026 12:40:12,38.0,23.71
61082,9th Avenue - Southbound - 34th St to 23rd St,Manhattan,usvwF|ksbMtVjPxLbIpDbC,2876.39,0,0,3/16/2026 16:15:01,0.0,0.0,9th Avenue - Southbound - 34th St to 23rd St,Manhattan,usvwF|ksbMtVjPxLbIpDbC,2876.39,0,0,3/15/2026 12:40:12,0.0,0.0
62126,Hylan Blvd - Southbound - New Dorp Ln to Guyon Ave,Staten Island,}|rvFvqicM~W`XvRzRfQjR,4653.84,0,0,3/16/2026 16:15:01,0.0,0.0,Hylan Blvd - Southbound - New Dorp Ln to Guyon Ave,Staten Island,}|rvFvqicM~W`XvRzRfQjR,4653.84,0,0,3/15/2026 12:40:12,0.0,0.0
63064,Father Capodanno Blvd @ Seaview Ave to Lily Pond Ave Verrazano-Narrows Br Entrance - NB,Staten Island,istvFdhccMoDkEgEwEgAwAgBaBaFwEiEyEcCyDk@u@cDaC}BeBcCkBuB_ByAuAkCqCeGgGeDsDuBqCgCmDwAoCUYsAc@cAYsAKeFQiAm@}@_Ai@eAw@a@}@VaLrIsIlF,9499.41,0,0,3/16/2026 16:15:01,0.0,0.0,Father Capodanno Blvd @ Seaview Ave to Lily Pond Ave Verrazano-Narrows Br Entrance - NB,Staten Island,istvFdhccMoDkEgEwEgAwAgBaBaFwEiEyEcCyDk@u@cDaC}BeBcCkBuB_ByAuAkCqCeGgGeDsDuBqCgCmDwAoCUYsAc@cAYsAKeFQiAm@}@_Ai@eAw@a@}@VaLrIsIlF,9499.41,0,0,3/15/2026 12:40:12,0.0,0.0
65063,Lily Pond Ave @ Verrazano-Narrows Br Exit - Father Capodanno Blvd @ Seaview Ave - SB,Staten Island,klyvFt~`cMtQoDdA_@fHiExMqJj@KZN`A~AfBrA`ATtFJdDhAvBhD~EvG`DxDtDxDlFrFjBfBvEjDvHzF|CpE~ErFfFxEhJdKd@v@nCvC,10671.4,0,0,3/16/2026 16:15:01,0.0,0.0,Lily Pond Ave @ Verrazano-Narrows Br Exit - Father Capodanno Blvd @ Seaview Ave - SB,Staten Island,klyvFt~`cMtQoDdA_@fHiExMqJj@KZN`A~AfBrA`ATtFJdDhAvBhD~EvG`DxDtDxDlFrFjBfBvEjDvHzF|CpE~ErFfFxEhJdKd@v@nCvC,10671.4,0,0,3/15/2026 12:40:12,0.0,0.0
66074,Hylan Blvd - Southbound - Seaview Ave to Midland Ave,Staten Island,yavvF|bfcMpC~Br@l@|ArB`EpFdFdHpFrHzEnGdBdCjB~BdBhClBtBdC~B,4261.21,0,0,3/16/2026 16:15:01,0.0,0.0,Hylan Blvd - Southbound - Seaview Ave to Midland Ave,Staten Island,yavvF|bfcMpC~Br@l@|ArB`EpFdFdHpFrHzEnGdBdCjB~BdBhClBtBdC~B,4261.21,900,2,3/15/2026 12:40:12,955.0,4.46
70073,Flatbush Ave - Northbound - Willoughby St to Tillary St,Brooklyn,otjwFvtpbM{H|CkFrB{EfB,1502.13,0,0,3/16/2026 16:15:01,0.0,0.0,Flatbush Ave - Northbound - Willoughby St to Tillary St,Brooklyn,otjwFvtpbM{H|CkFrB{EfB,1502.13,0,0,3/15/2026 12:40:12,0.0,0.0
71117,Atlantic Avenue - Westbound - Flatbush Ave to Boerum Pl,Brooklyn,eciwFjvobMqPll@kLhb@,4004.42,0,0,3/16/2026 16:15:01,0.0,0.0,Atlantic Avenue - Westbound - Flatbush Ave to Boerum Pl,Brooklyn,eciwFjvobMqPll@kLhb@,4004.42,0,0,3/15/2026 12:40:12,0.0,0.0
72117,Atlantic Avenue - Eastbound - BQE Exit to Boerum Pl,Brooklyn,mnjwFhusbMjHy`@tBcJ,2130.79,0,0,3/16/2026 16:15:01,0.0,0.0,Atlantic Avenue - Eastbound - BQE Exit to Boerum Pl,Brooklyn,mnjwFhusbMjHy`@tBcJ,2130.79,0,0,3/15/2026 12:40:12,0.0,0.0
73070,Flatbush Ave - Southbound - Tillary St to Willoughby St,Brooklyn,gmkwFncqbMlF{B~EoBfIeD,1544.57,0,0,3/16/2026 16:15:01,0.0,0.0,Flatbush Ave - Southbound - Tillary St to Willoughby St,Brooklyn,gmkwFncqbMlF{B~EoBfIeD,1544.57,0,0,3/15/2026 12:40:12,0.0,0.0
76045,1st Avenue - Northbound - 14th St to 23rd St,Manhattan,wirwF~upbMia@aX,2289.12,0,0,3/16/2026 16:15:01,0.0,0.0,1st Avenue - Northbound - 14th St to 23rd St,Manhattan,wirwF~upbMia@aX,2289.12,0,0,3/15/2026 12:40:12,0.0,0.0
78061,34th Street - Eastbound - 10th Ave to 9th Ave,Manhattan,szvwF`~sbMlFyP,899.33,0,0,3/16/2026 16:15:01,0.0,0.0,34th Street - Eastbound - 10th Ave to 9th Ave,Manhattan,szvwF`~sbMlFyP,899.33,0,0,3/15/2026 12:40:12,0.0,0.0
79078,10th Avenue - Northbound - 23rd St to 34th St,Manhattan,_puwFb}tbMcj@m^,2875.54,0,0,3/16/2026 16:15:01,0.0,0.0,10th Avenue - Northbound - 23rd St to 34th St,Manhattan,_puwFb}tbMcj@m^,2875.54,0,0,3/15/2026 12:40:12,0.0,0.0
79082,23rd Street - Eastbound - 10th Ave to 9th Ave,Manhattan,uouwFh}tbMjFqP,887.96,0,0,3/16/2026 16:15:01,0.0,0.0,23rd Street - Eastbound - 10th Ave to 9th Ave,Manhattan,uouwFh}tbMjFqP,887.96,0,0,3/15/2026 12:40:12,0.0,0.0
79104,23rd Street - Westbound - 10th Ave to 11th Ave,Manhattan,{puwFl|tbMoF~P,908.41,0,0,3/16/2026 16:15:01,0.0,0.0,23rd Street - Westbound - 10th Ave to 11th Ave,Manhattan,{puwFl|tbMoF~P,908.41,0,0,3/15/2026 12:40:12,0.0,0.0
80108,11th Avenue - Southbound - 42nd St to 34th St,Manhattan,gbxwFpxsbMt^|U,2109.39,0,0,3/16/2026 16:15:01,0.0,0.0,11th Avenue - Southbound - 42nd St to 34th St,Manhattan,gbxwFpxsbMt^|U,2109.39,900,2,3/15/2026 12:40:12,116.0,18.18
82050,23rd Street - Eastbound - 9th Ave to 8th Ave,Manhattan,ihuwFtktbMnF}P,906.01,0,0,3/16/2026 16:15:01,0.0,0.0,23rd Street - Eastbound - 9th Ave to 8th Ave,Manhattan,ihuwFtktbMnF}P,906.01,0,0,3/15/2026 12:40:12,0.0,0.0
82079,23rd Street - Westbound - 9th Ave to 10th Ave,Manhattan,eiuwF`ktbMkFtP,892.8,0,0,3/16/2026 16:15:01,0.0,0.0,23rd Street - Westbound - 9th Ave to 10th Ave,Manhattan,eiuwF`ktbMkFtP,892.8,0,0,3/15/2026 12:40:12,0.0,0.0
82110,9th Avenue - Southbound - 23rd St to 14th St,Manhattan,qhuwFrktbMhYfRTPPTzE`D,2307.5,0,0,3/16/2026 16:15:01,0.0,0.0,9th Avenue - Southbound - 23rd St to 14th St,Manhattan,qhuwFrktbMhYfRTPPTzE`D,2307.5,0,0,3/15/2026 12:40:12,0.0,0.0
84066,Hylan Blvd - Southbound - Narrows Rd South (West) to Seaview Ave,Staten Island,qwyvFfjccMhCAfFy@bIgD~Dq@zF`CjCrCnBvBQtDIdJ@l@N~ARbA|@|CfBrG`@tAh@x@z@z@bAh@xAd@t@Tb@H`IbCdK~ClCdAjCzBdMlKnKbJ,9165.86,0,0,3/16/2026 16:15:01,0.0,0.0,Hylan Blvd - Southbound - Narrows Rd South (West) to Seaview Ave,Staten Island,qwyvFfjccMhCAfFy@bIgD~Dq@zF`CjCrCnBvBQtDIdJ@l@N~ARbA|@|CfBrG`@tAh@x@z@z@bAh@xAd@t@Tb@H`IbCdK~ClCdAjCzBdMlKnKbJ,9165.86,900,2,3/15/2026 12:40:12,815.0,11.25
86087,Woodhaven Blvd - Southbound - Jamaica Ave to Rockaway Blvd,Queens,q}jwFvhwaMxBiArEyBdCgAtGyCdGcDtEmEtCyCpD{BfI}CvKgEdGiB,5137.84,0,0,3/16/2026 16:15:01,0.0,0.0,Woodhaven Blvd - Southbound - Jamaica Ave to Rockaway Blvd,Queens,q}jwFvhwaMxBiArEyBdCgAtGyCdGcDtEmEtCyCpD{BfI}CvKgEdGiB,5137.84,0,0,3/15/2026 12:40:12,0.0,0.0
86099,Woodhaven Blvd - Northbound - Jamaica Ave to Myrtle Ave,Queens,s~jwFnewaMuAd@iC`@qG|@{GOwBO{GpDeEpEmBvB_B^wDG,3480.9,0,0,3/16/2026 16:15:01,0.0,0.0,Woodhaven Blvd - Northbound - Jamaica Ave to Myrtle Ave,Queens,s~jwFnewaMuAd@iC`@qG|@{GOwBO{GpDeEpEmBvB_B^wDG,3480.9,0,0,3/15/2026 12:40:12,0.0,0.0
87086,Woodhaven Blvd - Northbound - Rockaway Blvd to Jamaica Ave,Queens,emhwFfwuaMeASgGbBkKrEkIdDkDjBoDhDgEdDaD|BaH`DyEtBiI`D,5225.04,0,0,3/16/2026 16:15:01,0.0,0.0,Woodhaven Blvd - Northbound - Rockaway Blvd to Jamaica Ave,Queens,emhwFfwuaMeASgGbBkKrEkIdDkDjBoDhDgEdDaD|BaH`DyEtBiI`D,5225.04,0,0,3/15/2026 12:40:12,0.0,0.0
88087,Cross Bay Blvd - Northbound - 156th Ave to Rockaway Blvd,Queens,afewF~`uaMmJ~AkFx@aFv@cP|CuEj@{EVoGSsCR}GrAcGtAsIz@mBd@gAD,6115.42,0,0,3/16/2026 16:15:01,0.0,0.0,Cross Bay Blvd - Northbound - 156th Ave to Rockaway Blvd,Queens,afewF~`uaMmJ~AkFx@aFv@cP|CuEj@{EVoGSsCR}GrAcGtAsIz@mBd@gAD,6115.42,900,33,3/15/2026 12:40:12,334.0,18.31
88089,Cross Bay Blvd - Southbound - 156th Ave to North Channel Br,Queens,{eewFxbuaMdIkAdIwA~IyAzSkDtSuC~SkD~RyC~ZgM~OqH`EiC,10000.02,0,0,3/16/2026 16:15:01,0.0,0.0,Cross Bay Blvd - Southbound - 156th Ave to North Channel Br,Queens,{eewFxbuaMdIkAdIwA~IyAzSkDtSuC~SkD~RyC~ZgM~OqH`EiC,10000.02,0,0,3/15/2026 12:40:12,0.0,0.0
89088,Cross Bay Blvd -  Northbound - North Channel Br to 156th Ave,Queens,ua`wFnisaMsEnCu[nNwFdCiC`AsEdAoIjAwEp@uHlAgEt@eC^_NvBkHhAeFt@}SfDsS`D,9961.11,0,0,3/16/2026 16:15:01,0.0,0.0,Cross Bay Blvd -  Northbound - North Channel Br to 156th Ave,Queens,ua`wFnisaMsEnCu[nNwFdCiC`AsEdAoIjAwEp@uHlAgEt@eC^_NvBkHhAeFt@}SfDsS`D,9961.11,0,0,3/15/2026 12:40:12,0.0,0.0
89090,Cross Bay Blvd - Southbound - North Channel Br to Jamaica Wildlife Preserve,Queens,_a`wFnjsaMjA_AbGoElEaCfCgAtCcAfEgApWaF{MjCjQiDxCk@xDu@hDq@nHsA~L_ChJ{BfCw@fFmClDgC,9659.13,0,0,3/16/2026 16:15:01,0.0,0.0,Cross Bay Blvd - Southbound - North Channel Br to Jamaica Wildlife Preserve,Queens,_a`wFnjsaMjA_AbGoElEaCfCgAtCcAfEgApWaF{MjCjQiDxCk@xDu@hDq@nHsA~L_ChJ{BfCw@fFmClDgC,9659.13,0,0,3/15/2026 12:40:12,0.0,0.0
90089,Cross Bay Blvd - Northbound - Jamaica Wildlife Preserve to North Channel Br,Queens,ma|vFptqaMmG|DoF~BwFzAeFdAeIzAyGlAyHvAyDt@{GtAgHnAcGlA_F`AoGtByFrCsEvCmEjD,7893.01,0,0,3/16/2026 16:15:01,0.0,0.0,Cross Bay Blvd - Northbound - Jamaica Wildlife Preserve to North Channel Br,Queens,ma|vFptqaMmG|DoF~BwFzAeFdAeIzAyGlAyHvAyDt@{GtAgHnAcGlA_F`AoGtByFrCsEvCmEjD,7893.01,0,0,3/15/2026 12:40:12,0.0,0.0
90091,Cross Bay Blvd - Southbound - Jamaica Wildlife Preserve to W 6 Rd,Queens,w`|vFlvqaMbR}OhCiBjCoBxAu@|Aq@jCw@zDY`CD,3149.57,0,0,3/16/2026 16:15:01,0.0,0.0,Cross Bay Blvd - Southbound - Jamaica Wildlife Preserve to W 6 Rd,Queens,w`|vFlvqaMbR}OhCiBjCoBxAu@|Aq@jCw@zDY`CD,3149.57,0,0,3/15/2026 12:40:12,0.0,0.0
91090,Cross Bay Blvd - Northbound - W 6th Rd to Jamaica Wildlife Reserve,Queens,mpzvFdwpaMgCGmCNqC\yBx@wAh@iEhD{FrEeNxK,3220.45,0,0,3/16/2026 16:15:01,0.0,0.0,Cross Bay Blvd - Northbound - W 6th Rd to Jamaica Wildlife Reserve,Queens,mpzvFdwpaMgCGmCNqC\yBx@wAh@iEhD{FrEeNxK,3220.45,0,0,3/15/2026 12:40:12,0.0,0.0
92091,Cross Bay Blvd - Northbound - W 20th Rd to W 6th Rd,Queens,wmxvFtaqaM{Go@gC_@}K{@cL}@gGk@sGk@uIs@,3925.39,0,0,3/16/2026 16:15:01,0.0,0.0,Cross Bay Blvd - Northbound - W 20th Rd to W 6th Rd,Queens,wmxvFtaqaM{Go@gC_@}K{@cL}@gGk@sGk@uIs@,3925.39,0,0,3/15/2026 12:40:12,0.0,0.0
95096,Woodhaven Blvd - Southbound - Furmanville Ave to Metropolitan Ave,Queens,kdpwFj{yaMba@ma@lCo@~CArGN,3570.91,0,0,3/16/2026 16:15:01,0.0,0.0,Woodhaven Blvd - Southbound - Furmanville Ave to Metropolitan Ave,Queens,kdpwFj{yaMba@ma@lCo@~CArGN,3570.91,0,0,3/15/2026 12:40:12,0.0,0.0
96095,Woodhaven Blvd - Northbound - Metropolitan Ave to Furmanville Ave,Queens,wonwFbuxaMsK_@yEhAoF`GoBtB_V`V,3661.2,0,0,3/16/2026 16:15:01,0.0,0.0,Woodhaven Blvd - Northbound - Metropolitan Ave to Furmanville Ave,Queens,wonwFbuxaMsK_@yEhAoF`GoBtB_V`V,3661.2,0,0,3/15/2026 12:40:12,0.0,0.0
96097,Woodhaven Blvd - Southbound - Metropolitan Ave to Union Turnpike,Queens,epnwFzwxaMdADvZgChAUzAo@hCqB,2374.44,0,0,3/16/2026 16:15:01,0.0,0.0,Woodhaven Blvd - Southbound - Metropolitan Ave to Union Turnpike,Queens,epnwFzwxaMdADvZgChAUzAo@hCqB,2374.44,0,0,3/15/2026 12:40:12,0.0,0.0
97096,Woodhaven Blvd - Northbound - Union Turnpike to Metropolitan Ave,Queens,iimwFpkxaMkBhBaBx@kHz@aMv@sGX,2324.14,0,0,3/16/2026 16:15:01,0.0,0.0,Woodhaven Blvd - Northbound - Union Turnpike to Metropolitan Ave,Queens,iimwFpkxaMkBhBaBx@kHz@aMv@sGX,2324.14,0,0,3/15/2026 12:40:12,0.0,0.0
99086,Woodhaven Blvd - Southbound - Myrtle Ave to Jamaica Ave,Queens,kvlwF~{waMhFKtDyC~CuChHgEpCJxGLvKmAlBk@,3532.76,0,0,3/16/2026 16:15:01,0.0,0.0,Woodhaven Blvd - Southbound - Myrtle Ave to Jamaica Ave,Queens,kvlwF~{waMhFKtDyC~CuChHgEpCJxGLvKmAlBk@,3532.76,0,0,3/15/2026 12:40:12,0.0,0.0
99097,Woodhaven Blvd - Northbound - Myrtle Ave to Union Tpke,Queens,_vlwFfywaMqCDaA\{AzAoBfDiE|G,1454.25,0,0,3/16/2026 16:15:01,0.0,0.0,Woodhaven Blvd - Northbound - Myrtle Ave to Union Tpke,Queens,_vlwFfywaMqCDaA\{AzAoBfDiE|G,1454.25,0,0,3/15/2026 12:40:12,0.0,0.0
104079,23rd Street - Eastbound - 11th Ave to 10th Ave,Manhattan,uvuwF`oubMbFqP,880.96,0,0,3/16/2026 16:15:01,0.0,0.0,23rd Street - Eastbound - 11th Ave to 10th Ave,Manhattan,uvuwF`oubMbFqP,880.96,0,0,3/15/2026 12:40:12,0.0,0.0
105044,23rd Street - Westbound - 2nd Ave to 3rd Ave,Manhattan,ssswFbkpbMsD~L,700.84,0,0,3/16/2026 16:15:01,0.0,0.0,23rd Street - Westbound - 2nd Ave to 3rd Ave,Manhattan,ssswFbkpbMsD~L,700.84,0,0,3/15/2026 12:40:12,0.0,0.0
106047,23rd Street - Eastbound - 7th Ave to 6th Ave,Manhattan,_ytwFjhsbMjFaQ,907.4,0,0,3/16/2026 16:15:01,0.0,0.0,23rd Street - Eastbound - 7th Ave to 6th Ave,Manhattan,_ytwFjhsbMjFaQ,907.4,0,0,3/15/2026 12:40:12,0.0,0.0
106050,23rd Street - Westbound - 7th Ave to 8th Ave,Manhattan,gztwFlgsbMoFnP,889.13,0,0,3/16/2026 16:15:01,0.0,0.0,23rd Street - Westbound - 7th Ave to 8th Ave,Manhattan,gztwFlgsbMoFnP,889.13,900,2,3/15/2026 12:40:12,282.0,3.15
108104,11th Avenue - Southbound - 34th St to 23rd St,Manhattan,gbwwFjotbMdj@d_@,2894.89,0,0,3/16/2026 16:15:01,0.0,0.0,11th Avenue - Southbound - 34th St to 23rd St,Manhattan,gbwwFjotbMdj@d_@,2894.89,0,0,3/15/2026 12:40:12,0.0,0.0
114115,Surf Avenue and Stillwell Ave to Ocean Pkwy and Sea Breeze Ave - Eastbound,Brooklyn,s{svFdmpbMToSdCiZl@}Kk@uI}A}E,3557.5,0,0,3/16/2026 16:15:01,0.0,0.0,Surf Avenue and Stillwell Ave to Ocean Pkwy and Sea Breeze Ave - Eastbound,Brooklyn,s{svFdmpbMToSdCiZl@}Kk@uI}A}E,3557.5,0,0,3/15/2026 12:40:12,0.0,0.0
114137,Stillwell Ave - Northbound - Surf Ave to Neptune Ave,Brooklyn,g|svFvlpbMmJtAmJ|@,1351.27,0,0,3/16/2026 16:15:01,0.0,0.0,Stillwell Ave - Northbound - Surf Ave to Neptune Ave,Brooklyn,g|svFvlpbMmJtAmJ|@,1351.27,0,0,3/15/2026 12:40:12,0.0,0.0
115100,Ocean Pkwy - Northbound - Sea Breeze Ave to Shore Pkwy,Brooklyn,kysvFt~mbMcz@yL,3505.03,0,0,3/16/2026 16:15:01,0.0,0.0,Ocean Pkwy - Northbound - Sea Breeze Ave to Shore Pkwy,Brooklyn,kysvFt~mbMcz@yL,3505.03,0,0,3/15/2026 12:40:12,0.0,0.0
115114,Ocean Pkwy and Sea Breeze Ave to Surf Ave and Stillwell Ave - Westbound,Brooklyn,}zsvFranbMhBfEXjKy@~GoB~U]nX,3473.22,0,0,3/16/2026 16:15:01,0.0,0.0,Ocean Pkwy and Sea Breeze Ave to Surf Ave and Stillwell Ave - Westbound,Brooklyn,}zsvFranbMhBfEXjKy@~GoB~U]nX,3473.22,0,0,3/15/2026 12:40:12,0.0,0.0
117071,Atlantic Avenue - Eastbound - Boerum Pl to Flatbush Ave,Brooklyn,oajwFxhrbMtLkc@tQin@,4158.51,0,0,3/16/2026 16:15:01,0.0,0.0,Atlantic Avenue - Eastbound - Boerum Pl to Flatbush Ave,Brooklyn,oajwFxhrbMtLkc@tQin@,4158.51,0,0,3/15/2026 12:40:12,0.0,0.0
117072,Atlantic Avenue - Westbound - Boerum Pl to BQE Exit,Brooklyn,mbjwFdhrbMqBxImH|`@,2121.64,0,0,3/16/2026 16:15:01,0.0,0.0,Atlantic Avenue - Westbound - Boerum Pl to BQE Exit,Brooklyn,mbjwFdhrbMqBxImH|`@,2121.64,0,0,3/15/2026 12:40:12,0.0,0.0
118008,34th Street - Eastbound - 5th Ave to Madison Ave,Manhattan,gtuwFtbqbMdC{H,500.43,0,0,3/16/2026 16:15:01,0.0,0.0,34th Street - Eastbound - 5th Ave to Madison Ave,Manhattan,gtuwFtbqbMdC{H,500.43,0,0,3/15/2026 12:40:12,0.0,0.0
120135,Flatbush Ave - Northbound - Aviators Sports Complex to Golf Course,Brooklyn,exvvFpv`bMocAlkA,5240.62,0,0,3/16/2026 16:15:01,0.0,0.0,Flatbush Ave - Northbound - Aviators Sports Complex to Golf Course,Brooklyn,exvvFpv`bMocAlkA,5240.62,0,0,3/15/2026 12:40:12,0.0,0.0
122134,Flatbush Ave - Northbound - Avenue U to Fillmore Ave,Brooklyn,krzvFp}dbMuIbKmHxJiIvJ,2379.05,0,0,3/16/2026 16:15:01,0.0,0.0,Flatbush Ave - Northbound - Avenue U to Fillmore Ave,Brooklyn,krzvFp}dbMuIbKmHxJiIvJ,2379.05,900,2,3/15/2026 12:40:12,163.0,14.6
122135,Flatbush Ave - Southbound - Avenue U to Golf Course,Brooklyn,cqzvFp_ebMtYw\vYw\,4084.31,0,0,3/16/2026 16:15:01,0.0,0.0,Flatbush Ave - Southbound - Avenue U to Golf Course,Brooklyn,cqzvFp_ebMtYw\vYw\,4084.31,0,0,3/15/2026 12:40:12,0.0,0.0
123124,Hylan Blvd - Northbound - Page Ave to Seguine Ave,Staten Island,usfvFp`adM}AyMoAgWeA{LuJ}w@y@qDwBcFkPwYqLqTeK_RgBwN,10295.12,0,0,3/16/2026 16:15:01,0.0,0.0,Hylan Blvd - Northbound - Page Ave to Seguine Ave,Staten Island,usfvFp`adM}AyMoAgWeA{LuJ}w@y@qDwBcFkPwYqLqTeK_RgBwN,10295.12,0,0,3/15/2026 12:40:12,0.0,0.0
124123,Hylan Blvd - Southbound - Seguine Ave to Page Ave,Staten Island,e|hvFbszcMvAzKp@nCjJjQl]pn@pBvD`AzDjBzNbCtSxDt[ThErAfW~AxN,10331.12,0,0,3/16/2026 16:15:01,0.0,0.0,Hylan Blvd - Southbound - Seguine Ave to Page Ave,Staten Island,e|hvFbszcMvAzKp@nCjJjQl]pn@pBvD`AzDjBzNbCtSxDt[ThErAfW~AxN,10331.12,0,0,3/15/2026 12:40:12,0.0,0.0
124125,Hylan Blvd - Northbound - Seguine Ave to Huguenot Ave,Staten Island,}zhvF|rzcMq@wDaCyEaIeOaEqOuG{V,3573.06,0,0,3/16/2026 16:15:01,0.0,0.0,Hylan Blvd - Northbound - Seguine Ave to Huguenot Ave,Staten Island,}zhvF|rzcMq@wDaCyEaIeOaEqOuG{V,3573.06,0,0,3/15/2026 12:40:12,0.0,0.0
125124,Hylan Blvd - Southbound - Huguenot Ave to Seguine Ave,Staten Island,ozivFhnxcMlD|MtBhIlDxMpIhPfBlDJZn@bD,3550.52,0,0,3/16/2026 16:15:01,0.0,0.0,Hylan Blvd - Southbound - Huguenot Ave to Seguine Ave,Staten Island,ozivFhnxcMlD|MtBhIlDxMpIhPfBlDJZn@bD,3550.52,0,0,3/15/2026 12:40:12,0.0,0.0
126062,Hylan Blvd - Northbound - Guyon Ave to New Dorp Ln,Staten Island,g}pvF~pkcMyTkVi]o]uI{I,4657.24,0,0,3/16/2026 16:15:01,0.0,0.0,Hylan Blvd - Northbound - Guyon Ave to New Dorp Ln,Staten Island,g}pvF~pkcMyTkVi]o]uI{I,4657.24,0,0,3/15/2026 12:40:12,0.0,0.0
126145,Hylan Blvd - Southbound - Guyon Ave to Keegans Ln,Staten Island,}}pvF~qkcMfC|CVbAVpCe@rJTjCn@nBr]v`@xDlG~JpMv@xAhDhHhDfG,6484.89,0,0,3/16/2026 16:15:01,0.0,0.0,Hylan Blvd - Southbound - Guyon Ave to Keegans Ln,Staten Island,}}pvF~qkcMfC|CVbAVpCe@rJTjCn@nBr]v`@xDlG~JpMv@xAhDhHhDfG,6484.89,0,0,3/15/2026 12:40:12,0.0,0.0
129130,Richmond Ave - Southbound - Richmond Hill Rd to Forest Hill Rd,Staten Island,apvvFn{tcMhAp@tJpBtUlBvUbBhIh@nITfTj@~EUpCS,6657.81,0,0,3/16/2026 16:15:01,0.0,0.0,Richmond Ave - Southbound - Richmond Hill Rd to Forest Hill Rd,Staten Island,apvvFn{tcMhAp@tJpBtUlBvUbBhIh@nITfTj@~EUpCS,6657.81,0,0,3/15/2026 12:40:12,0.0,0.0
129131,Richmond Ave - Northbound - Richmond Hill Rd to Eton Pl,Staten Island,oovvFnytcMqDeDkAeA}AoBwKqPqAwA{@a@sBy@mBc@gAIqA@a^bEcHlAiAAiAKqLeD,6374.21,0,0,3/16/2026 16:15:01,0.0,0.0,Richmond Ave - Northbound - Richmond Hill Rd to Eton Pl,Staten Island,oovvFnytcMqDeDkAeA}AoBwKqPqAwA{@a@sBy@mBc@gAIqA@a^bEcHlAiAAiAKqLeD,6374.21,0,0,3/15/2026 12:40:12,0.0,0.0
130129,Richmond Ave - Northbound - Forest Hill Rd to Richmond Hill Rd,Staten Island,c_svFbgucM}BReFPyO]iN]cIe@_SeByU{AeGkAoEeAm@_@,6611.52,0,0,3/16/2026 16:15:01,0.0,0.0,Richmond Ave - Northbound - Forest Hill Rd to Richmond Hill Rd,Staten Island,c_svFbgucM}BReFPyO]iN]cIe@_SeByU{AeGkAoEeAm@_@,6611.52,0,0,3/15/2026 12:40:12,0.0,0.0
130139,Richmond Ave - Southbound - Forest Hill Rd to Weinwright Ave,Staten Island,{~rvFniucMlIs@nML~g@H,3853.28,0,0,3/16/2026 16:15:01,0.0,0.0,Richmond Ave - Southbound - Forest Hill Rd to Weinwright Ave,Staten Island,{~rvFniucMlIs@nML~g@H,3853.28,0,0,3/15/2026 12:40:12,0.0,0.0
131129,Richmond Ave - Southbound - Eton Pl to Richmond Hill Rd,Staten Island,iryvFxzscMtMfDdAJfDUrCs@x^_EbAErDp@zD|ArAzA`KvOvA|AxAzAvDnD,6358.78,0,0,3/16/2026 16:15:01,0.0,0.0,Richmond Ave - Southbound - Eton Pl to Richmond Hill Rd,Staten Island,iryvFxzscMtMfDdAJfDUrCs@x^_EbAErDp@zD|ArAzA`KvOvA|AxAzAvDnD,6358.78,0,0,3/15/2026 12:40:12,0.0,0.0
134122,Flatbush Ave - Southbound - Fillmore Ave to Avenue U,Brooklyn,ep{vF|afbMx]{a@,2371.24,0,0,3/16/2026 16:15:01,0.0,0.0,Flatbush Ave - Southbound - Fillmore Ave to Avenue U,Brooklyn,ep{vF|afbMx]{a@,2371.24,0,0,3/15/2026 12:40:12,0.0,0.0
135120,Flatbush Ave - Southbound - Golf Course to Aviators Sports Complex,Brooklyn,u{xvFbdcbMtcAmjA,5220.49,0,0,3/16/2026 16:15:01,0.0,0.0,Flatbush Ave - Southbound - Golf Course to Aviators Sports Complex,Brooklyn,u{xvFbdcbMtcAmjA,5220.49,0,0,3/15/2026 12:40:12,0.0,0.0
135122,Flatbush Ave - Northbound - Golf Course to Avenue U,Brooklyn,s|xvFzbcbMe]n`@wKfKeJhK,4076.2,0,0,3/16/2026 16:15:01,0.0,0.0,Flatbush Ave - Northbound - Golf Course to Avenue U,Brooklyn,s|xvFzbcbMe]n`@wKfKeJhK,4076.2,0,0,3/15/2026 12:40:12,0.0,0.0
137114,Stillwell Ave - Southbound - Neptune Ave to Surf Ave,Brooklyn,astvF|rpbMnJeAjJoA,1351.37,0,0,3/16/2026 16:15:01,0.0,0.0,Stillwell Ave - Southbound - Neptune Ave to Surf Ave,Brooklyn,astvF|rpbMnJeAjJoA,1351.37,0,0,3/15/2026 12:40:12,0.0,0.0
139130,Richmond Ave - Northbound - Wainwright Ave to Forest Hill Rd,Staten Island,s|pvFngucM}ANee@s@_MQkJj@,3887.37,0,0,3/16/2026 16:15:01,0.0,0.0,Richmond Ave - Northbound - Wainwright Ave to Forest Hill Rd,Staten Island,s|pvFngucM}ANee@s@_MQkJj@,3887.37,0,0,3/15/2026 12:40:12,0.0,0.0
144092,Beach Channel Dr - Eastbound - Beach 116 St to Cross Bay Blvd @ 20 Rd,Queens,wbuvFdptaM[}ByGkZwB{MQ_GqJog@yCoMqDwJImC[kAoBm@aAl@uDdD_CpAwGbB}[bG}Oq@,10359.6,0,0,3/16/2026 16:15:01,0.0,0.0,Beach Channel Dr - Eastbound - Beach 116 St to Cross Bay Blvd @ 20 Rd,Queens,wbuvFdptaM[}ByGkZwB{MQ_GqJog@yCoMqDwJImC[kAoBm@aAl@uDdD_CpAwGbB}[bG}Oq@,10359.6,0,0,3/15/2026 12:40:12,0.0,0.0
145126,Hylan Blvd - Northbound - Keegans Ln to Guyon Ave,Staten Island,oynvF~|ncMgJuQgLeOwC{EiMqOcGsGwD_EcCuD]oAGuAFwA\qE?gCg@{CiAiBmAwA,6489.63,0,0,3/16/2026 16:15:01,0.0,0.0,Hylan Blvd - Northbound - Keegans Ln to Guyon Ave,Staten Island,oynvF~|ncMgJuQgLeOwC{EiMqOcGsGwD_EcCuD]oAGuAFwA\qE?gCg@{CiAiBmAwA,6489.63,0,0,3/15/2026 12:40:12,0.0,0.0
148151,Rockaway Blvd - Southbound - Brookville Blvd to Five-Towns Entrace,Queens,er`wFp_baM~EaFhAkArCsB|DyA|DiA,1729.49,0,0,3/16/2026 16:15:01,0.0,0.0,Rockaway Blvd - Southbound - Brookville Blvd to Five-Towns Entrace,Queens,er`wFp_baM~EaFhAkArCsB|DyA|DiA,1729.49,0,0,3/15/2026 12:40:12,0.0,0.0
150147,Rockaway Blvd - Northbound - Farmers Blvd to South Conduit Ave,Queens,cjdwFf|gaM_@v@kTrPoTrQ,3070.28,0,0,3/16/2026 16:15:01,0.0,0.0,Rockaway Blvd - Northbound - Farmers Blvd to South Conduit Ave,Queens,cjdwFf|gaM_@v@kTrPoTrQ,3070.28,900,15,3/15/2026 12:40:12,174.0,17.65
151148,Rockaway Blvd - Northbound - Five-Towns Entrance to Brookville Blvd,Queens,{x_wFvkaaM}HdCaEhCuIjI,1785.93,0,0,3/16/2026 16:15:01,0.0,0.0,Rockaway Blvd - Northbound - Five-Towns Entrance to Brookville Blvd,Queens,{x_wFvkaaM}HdCaEhCuIjI,1785.93,0,0,3/15/2026 12:40:12,0.0,0.0
154181,Beach Channel Dr - Westbound - Bay 32 st to Beach 69 st,Queens,emxvFzlfaMl@hBbAtAb@RzEh@~@^t@|@HzDhAbUvA~n@zAjj@dJh[vAzh@,9665.09,0,0,3/16/2026 16:15:01,0.0,0.0,Beach Channel Dr - Westbound - Bay 32 st to Beach 69 st,Queens,emxvFzlfaMl@hBbAtAb@RzEh@~@^t@|@HzDhAbUvA~n@zAjj@dJh[vAzh@,9665.09,0,0,3/15/2026 12:40:12,0.0,0.0
157159,Main St - Southbound - Roosevelt Ave to Sanford Ave,Queens,czwwF~}raMzKkEjDcA,1130.14,0,0,3/16/2026 16:15:01,0.0,0.0,Main St - Southbound - Roosevelt Ave to Sanford Ave,Queens,czwwF~}raMzKkEjDcA,1130.14,0,0,3/15/2026 12:40:12,0.0,0.0
157177,Roosevelt Ave - Westbound - Main St to College Pnt Blvd,Queens,kzwwFt}raMpFlUFrA,1202.78,0,0,3/16/2026 16:15:01,0.0,0.0,Roosevelt Ave - Westbound - Main St to College Pnt Blvd,Queens,kzwwFt}raMpFlUFrA,1202.78,0,0,3/15/2026 12:40:12,0.0,0.0
158185,Northern Blvd - Westbound - Main St to Northern Blvd Br,Queens,opxwFhisaMz@pFKbNTrF,1360.33,0,0,3/16/2026 16:15:01,0.0,0.0,Northern Blvd - Westbound - Main St to Northern Blvd Br,Queens,opxwFhisaMz@pFKbNTrF,1360.33,0,0,3/15/2026 12:40:12,0.0,0.0
159157,Main St - Northbound - Sanford Ave to Roosevelt Ave,Queens,khwwFftraMwJnDgEzA,1114.01,0,0,3/16/2026 16:15:01,0.0,0.0,Main St - Northbound - Sanford Ave to Roosevelt Ave,Queens,khwwFftraMwJnDgEzA,1114.01,900,3,3/15/2026 12:40:12,96.0,11.6
161183,Kissena Blvd - Northbound - Horace Harding Expwy NSR to Holly Ave,Queens,c{swFx~oaMi@@WFqCAqBUsGyA}LsCwAO{AKiAHs]x`@,4752.54,0,0,3/16/2026 16:15:01,0.0,0.0,Kissena Blvd - Northbound - Horace Harding Expwy NSR to Holly Ave,Queens,c{swFx~oaMi@@WFqCAqBUsGyA}LsCwAO{AKiAHs]x`@,4752.54,900,5,3/15/2026 12:40:12,360.0,13.2
166167,Jackie Robinson Pkwy - Southbound - Metropolitan Ave to Forest Pk Dr,Queens,c~mwFveuaM~@zBr@tCp@zGTrIFhMRdCVlBf@tBlAbCjAvAlHpFzBtC|BnFdBxMlDpLR`CFlC}@xJObGH|El@jFdAlEpBhDjDzBfEx@`FvAtBdCbAxC,9838.75,0,0,3/16/2026 16:15:01,0.0,0.0,Jackie Robinson Pkwy - Southbound - Metropolitan Ave to Forest Pk Dr,Queens,c~mwFveuaM~@zBr@tCp@zGTrIFhMRdCVlBf@tBlAbCjAvAlHpFzBtC|BnFdBxMlDpLR`CFlC}@xJObGH|El@jFdAlEpBhDjDzBfEx@`FvAtBdCbAxC,9838.75,900,2,3/15/2026 12:40:12,1075.0,9.15
167168,Jackie Robinson Pkwy - Southbound - Forest Pk Dr to Jamaica Av,Queens,}ykwFlvzaMn@jBXhBjAjMdArCxH~IlCxAh@x@b@dBz@bBz@`@vCf@T|@JdAtAbUdDnTrCrTbAtC|UfR|MnM`H~ExBz@lFPnFp@xDtA,11281.34,0,0,3/16/2026 16:15:01,0.0,0.0,Jackie Robinson Pkwy - Southbound - Forest Pk Dr to Jamaica Av,Queens,}ykwFlvzaMn@jBXhBjAjMdArCxH~IlCxAh@x@b@dBz@bBz@`@vCf@T|@JdAtAbUdDnTrCrTbAtC|UfR|MnM`H~ExBz@lFPnFp@xDtA,11281.34,0,0,3/15/2026 12:40:12,0.0,0.0
168167,Jackie Robinson Pkwy - Northbound - Jamaica Ave to Forest Pk Dr,Queens,mbhwF```bMaHqBuGUsCi@gCsA}EiDqHwH{XyTiAwAo@qByBqQ_EcWmAsUa@yBkAq@kCo@[s@uAsDgAu@}A{@kE{EwByBw@wCkA{Ko@aE,11106.63,0,0,3/16/2026 16:15:01,0.0,0.0,Jackie Robinson Pkwy - Northbound - Jamaica Ave to Forest Pk Dr,Queens,mbhwF```bMaHqBuGUsCi@gCsA}EiDqHwH{XyTiAwAo@qByBqQ_EcWmAsUa@yBkAq@kCo@[s@uAsDgAu@}A{@kE{EwByBw@wCkA{Ko@aE,11106.63,0,0,3/15/2026 12:40:12,0.0,0.0
169166,Jackie Robinson Pkwy - Southbound - Queens Blvd to Metropolitan Ave,Queens,kcowF`wraMrAvGh@|CtFbNbGxMfFnIl@rB`B|GlA~DhBvD,4126.65,0,0,3/16/2026 16:15:01,0.0,0.0,Jackie Robinson Pkwy - Southbound - Queens Blvd to Metropolitan Ave,Queens,kcowF`wraMrAvGh@|CtFbNbGxMfFnIl@rB`B|GlA~DhBvD,4126.65,0,0,3/15/2026 12:40:12,0.0,0.0
171031,Henry Hudson Pkwy - Southbound - 79th St to 57th St,Manhattan,a}|wFz_qbMdWdPrCrCvMpJvZdS|MvI,5785.32,0,0,3/16/2026 16:15:01,0.0,0.0,Henry Hudson Pkwy - Southbound - 79th St to 57th St,Manhattan,a}|wFz_qbMdWdPrCrCvMpJvZdS|MvI,5785.32,0,0,3/15/2026 12:40:12,0.0,0.0
171172,Henry Hudson Pkwy - Northbound - 79th St to 99th St,Manhattan,i||wFh~pbMkGwCsHsB_Cu@uCmAwCuAeGoD_FoDwEqEgKuMgD{B_IkB,5376.95,0,0,3/16/2026 16:15:01,0.0,0.0,Henry Hudson Pkwy - Northbound - 79th St to 99th St,Manhattan,i||wFh~pbMkGwCsHsB_Cu@uCmAwCuAeGoD_FoDwEqEgKuMgD{B_IkB,5376.95,0,0,3/15/2026 12:40:12,0.0,0.0
172171,Henry Hudson Pkwy - Southbound - 99th St to 79th St,Manhattan,}m_xFliobMvEvAzEhCjEfEdEhFjElE|EvDlJtFnEjBlEvAlHpBtFdC,5361.0,0,0,3/16/2026 16:15:01,0.0,0.0,Henry Hudson Pkwy - Southbound - 99th St to 79th St,Manhattan,}m_xFliobMvEvAzEhCjEfEdEhFjElE|EvDlJtFnEjBlEvAlHpBtFdC,5361.0,0,0,3/15/2026 12:40:12,0.0,0.0
172173,Henry Hudson Pkwy - Northbound - 99th St to 125th St,Manhattan,kk_xFbhobMuG}AcGgC{FgDkFkD{^}V{I{EwIoFoIeGwIgEqIqGaIeI,8453.9,0,0,3/16/2026 16:15:01,0.0,0.0,Henry Hudson Pkwy - Northbound - 99th St to 125th St,Manhattan,kk_xFbhobMuG}AcGgC{FgDkFkD{^}V{I{EwIoFoIeGwIgEqIqGaIeI,8453.9,0,0,3/15/2026 12:40:12,0.0,0.0
173172,Henry Hudson Pkwy - Southbound - 125th St to 99th St,Manhattan,ykcxFvolbMnOxOhNdIjH|EtW`OnJvGvN`KlOpJ|FjCrG~A,8397.24,0,0,3/16/2026 16:15:01,0.0,0.0,Henry Hudson Pkwy - Southbound - 125th St to 99th St,Manhattan,ykcxFvolbMnOxOhNdIjH|EtW`OnJvGvN`KlOpJ|FjCrG~A,8397.24,0,0,3/15/2026 12:40:12,0.0,0.0
173174,Henry Hudson Pkwy - Northbound - 125th St to GWB,Manhattan,}jcxFrnlbMwNeMcSiNea@w]wSqFwTkEeDiByKwJ_JuE}MiC}M_@}UaH,12554.86,0,0,3/16/2026 16:15:01,0.0,0.0,Henry Hudson Pkwy - Northbound - 125th St to GWB,Manhattan,}jcxFrnlbMwNeMcSiNea@w]wSqFwTkEeDiByKwJ_JuE}MiC}M_@}UaH,12554.86,0,0,3/15/2026 12:40:12,0.0,0.0
174173,Henry Hudson Pkwy - Southbound - GWB to 125th St,Manhattan,ooixF|jibMpFhAvTWdJNxI|AzJtDfPpNd[nGnKjCrIrF|]vZ``@`Y,12554.79,0,0,3/16/2026 16:15:01,0.0,0.0,Henry Hudson Pkwy - Southbound - GWB to 125th St,Manhattan,ooixF|jibMpFhAvTWdJNxI|AzJtDfPpNd[nGnKjCrIrF|]vZ``@`Y,12554.79,0,0,3/15/2026 12:40:12,0.0,0.0
176184,College Point Blvd - Southbound - Sanford Ave to Booth Memorial Ave,Queens,k{vwFlpsaM`P_DfBDzInAjHrA,2413.79,0,0,3/16/2026 16:15:01,0.0,0.0,College Point Blvd - Southbound - Sanford Ave to Booth Memorial Ave,Queens,k{vwFlpsaM`P_DfBDzInAjHrA,2413.79,0,0,3/15/2026 12:40:12,0.0,0.0
177176,College Pnt Blvd - Southbound - Roosevelt Ave to Sanford Ave,Queens,upwwFrwsaM|S_F,1260.7,0,0,3/16/2026 16:15:01,0.0,0.0,College Pnt Blvd - Southbound - Roosevelt Ave to Sanford Ave,Queens,upwwFrwsaM|S_F,1260.7,0,0,3/15/2026 12:40:12,0.0,0.0
179159,Main St  - Northbound - Peck Ave to Sanford Ave,Queens,mzuwF`braMaHSi@FsD~BiCpBkEnBcRxF,2848.55,0,0,3/16/2026 16:15:01,0.0,0.0,Main St  - Northbound - Peck Ave to Sanford Ave,Queens,mzuwF`braMaHSi@FsD~BiCpBkEnBcRxF,2848.55,0,0,3/15/2026 12:40:12,0.0,0.0
182154,Beach Channel Dr - Westbound - Mott Ave to Bay 32 St,Queens,ovyvFfjdaM\RzEpAh@z@bFtLdCdFlAvBv@|CzBzCvK|Y,3908.23,0,0,3/16/2026 16:15:01,0.0,0.0,Beach Channel Dr - Westbound - Mott Ave to Bay 32 St,Queens,ovyvFfjdaM\RzEpAh@z@bFtLdCdFlAvBv@|CzBzCvK|Y,3908.23,0,0,3/15/2026 12:40:12,0.0,0.0
183160,Kissena Blvd  - Northbound - Holly Ave to Sanford Ave,Queens,obvwFdxpaMiI~I_IxJyH~JkDtE_ArAcBtD,3244.32,0,0,3/16/2026 16:15:01,0.0,0.0,Kissena Blvd  - Northbound - Holly Ave to Sanford Ave,Queens,obvwFdxpaMiI~I_IxJyH~JkDtE_ArAcBtD,3244.32,0,0,3/15/2026 12:40:12,0.0,0.0
185158,Northern Blvd - Eastbound - Northern Blvd Br to Main St,Queens,kmxwFlgtaMSoFJoNa@iG,1391.89,0,0,3/16/2026 16:15:01,0.0,0.0,Northern Blvd - Eastbound - Northern Blvd Br to Main St,Queens,kmxwFlgtaMSoFJoNa@iG,1391.89,0,0,3/15/2026 12:40:12,0.0,0.0
192193,2nd Avenue - Southbound - 86th St to 72nd St,Manhattan,wl{wFrujbM`LzH`Bt@`C`Brc@zY,3791.02,0,0,3/16/2026 16:15:01,0.0,0.0,2nd Avenue - Southbound - 86th St to 72nd St,Manhattan,wl{wFrujbM`LzH`Bt@`C`Brc@zY,3791.02,0,0,3/15/2026 12:40:12,0.0,0.0
193055,2nd Avenue - Southbound - 72nd St to 57th St,Manhattan,_tywFb_lbMjz@zi@,3950.2,0,0,3/16/2026 16:15:01,0.0,0.0,2nd Avenue - Southbound - 72nd St to 57th St,Manhattan,_tywFb_lbMjz@zi@,3950.2,0,0,3/15/2026 12:40:12,0.0,0.0
76083,14th Street – westbound – 1st Avenue to Union Sqr. East / Broadway,Manhattan,ejrwFzupbMwTjr@,2604.02,0,0,3/16/2026 16:15:01,0.0,0.0,14th Street – westbound – 1st Avenue to Union Sqr. East / Broadway,Manhattan,ejrwFzupbMwTjr@,2604.02,0,0,3/15/2026 12:40:12,0.0,0.0
83107,14th Street – westbound – Union Sqr. East / Broadway to 7th Avenue,Manhattan,_`swFfirbMmVrv@,2817.72,0,0,3/16/2026 16:15:01,0.0,0.0,14th Street – westbound – Union Sqr. East / Broadway to 7th Avenue,Manhattan,_`swFfirbMmVrv@,2817.72,0,0,3/15/2026 12:40:12,0.0,0.0
107083,14th Street – eastbound – 7th Avenue to Union Sqr. East / Broadway,Manhattan,{vswFratbMxVuw@,2869.41,0,0,3/16/2026 16:15:01,0.0,0.0,14th Street – eastbound – 7th Avenue to Union Sqr. East / Broadway,Manhattan,{vswFratbMxVuw@,2869.41,900,2,3/15/2026 12:40:12,176.0,16.3
83076,14th Street – eastbound – Union Sqr. East / Broadway to 1st Avenue,Manhattan,a_swF|hrbMpTar@,2589.23,0,0,3/16/2026 16:15:01,0.0,0.0,14th Street – eastbound – Union Sqr. East / Broadway to 1st Avenue,Manhattan,a_swF|hrbMpTar@,2589.23,0,0,3/15/2026 12:40:12,0.0,0.0
75107,14th Street – eastbound – 11 Ave/Rt 9A to 7th Ave,Manhattan,imtwFzvubMpUut@,2716.64,0,0,3/16/2026 16:15:01,0.0,0.0,14th Street – eastbound – 11 Ave/Rt 9A to 7th Ave,Manhattan,imtwFzvubMpUut@,2716.64,0,0,3/15/2026 12:40:12,0.0,0.0
107075,14th Street – westbound – 7th Ave to 11 Ave/Rt 9A,Manhattan,iwswF~`tbMoUjt@,2705.75,0,0,3/16/2026 16:15:01,0.0,0.0,14th Street – westbound – 7th Ave to 11 Ave/Rt 9A,Manhattan,iwswF~`tbMoUjt@,2705.75,0,0,3/15/2026 12:40:12,0.0,0.0
202035,Belt Pkwy - Eastbound - 68th St to Bay 8th St,Brooklyn,wn`wFjd{bMr`@|Ol\pLtZhCn^w@|]eFjGoCbHqGxCgE`EgE`OwItDqC`JeM~CqHz@kJg@uVRsI|DkS,17111.81,0,0,3/16/2026 16:15:01,0.0,0.0,Belt Pkwy - Eastbound - 68th St to Bay 8th St,Brooklyn,wn`wFjd{bMr`@|Ol\pLtZhCn^w@|]eFjGoCbHqGxCgE`EgE`OwItDqC`JeM~CqHz@kJg@uVRsI|DkS,17111.81,0,0,3/15/2026 12:40:12,0.0,0.0
203055,57th St - westbound - QBB UL Entrance to 2 Ave,Manhattan,{vwwFbembM_AvC,239.57,0,0,3/16/2026 16:15:01,0.0,0.0,57th St - westbound - QBB UL Entrance to 2 Ave,Manhattan,{vwwFbembM_AvC,239.57,0,0,3/15/2026 12:40:12,0.0,0.0
55203,57th St - eastbound - 2 Ave to QBB UL Entrance,Manhattan,kxwwF`jmbMz@yC,244.62,0,0,3/16/2026 16:15:01,0.0,0.0,57th St - eastbound - 2 Ave to QBB UL Entrance,Manhattan,kxwwF`jmbMz@yC,244.62,0,0,3/15/2026 12:40:12,0.0,0.0
203041,57th St - eastbound - QBB UL Entrance to 1 Ave,Manhattan,avwwF`embMbCoH,482.64,0,0,3/16/2026 16:15:01,0.0,0.0,57th St - eastbound - QBB UL Entrance to 1 Ave,Manhattan,avwwF`embMbCoH,482.64,900,3,3/15/2026 12:40:12,24.0,20.11
44204,23rd Street- westbound - 3 ave to madison ave,Manhattan,_yswFvypbMsKx\,1509.65,0,0,3/16/2026 16:15:01,0.0,0.0,23rd Street- westbound - 3 ave to madison ave,Manhattan,_yswFvypbMsKx\,1509.65,0,0,3/15/2026 12:40:12,0.0,0.0
204047,23rd Street - westbound - madison ave to 6 ave,Manhattan,yetwFzwqbMmKz\,1507.02,0,0,3/16/2026 16:15:01,0.0,0.0,23rd Street - westbound - madison ave to 6 ave,Manhattan,yetwFzwqbMmKz\,1507.02,0,0,3/15/2026 12:40:12,0.0,0.0
47204,23rd Street - eastbound - 6 ave to madison ave,Manhattan,{qtwF~urbMlKy\,1505.12,0,0,3/16/2026 16:15:01,0.0,0.0,23rd Street - eastbound - 6 ave to madison ave,Manhattan,{qtwF~urbMlKy\,1505.12,0,0,3/15/2026 12:40:12,0.0,0.0
204044,23rd Street - eastbound - madison ave to 3 ave,Manhattan,getwFxwqbMtK{\,1514.96,0,0,3/16/2026 16:15:01,0.0,0.0,23rd Street - eastbound - madison ave to 3 ave,Manhattan,getwFxwqbMtK{\,1514.96,0,0,3/15/2026 12:40:12,0.0,0.0
