sid,link_name,borough,polyline,link_length_ft,aggregation_period_sec,n_samples,median_calculation_timestamp,median_tt_sec,median_speed_fps
1004,42nd Street - Eastbound - Lexington Ave to 3rd Ave,Manhattan,agvwFxmobMfCeI,514.26,900,38,4/5/2026 12:24:14,43.5,11.82
1011,42nd Street - Westbound - Lexington Ave to Madison Ave,Manhattan,_hvwF|lobMmGhS,1024.34,900,12,4/5/2026 12:24:14,271.0,3.78
2001,Lexington Avenue - Southbound - 49th St to 42nd St,Manhattan,ecwwFdynbMlZhS,1836.18,900,37,4/5/2026 12:24:14,132.0,13.91
2012,49th Street - Westbound - Lexington Ave to Madison Ave,Manhattan,ecwwFdynbMgC~HgC~H,1013.97,900,2,4/5/2026 12:24:14,165.0,6.15
3002,Lexington Avenue - Southbound - 57th St to 49th St,Manhattan,ybxwF`bnbM??vRxMzJfG,2109.11,900,56,4/5/2026 12:24:14,93.0,22.68
3006,57th Street - Eastbound - Lexington Ave to 3rd Ave,Manhattan,kbxwFlbnbMfAiD`AuC,508.77,900,6,4/5/2026 12:24:14,63.5,8.01
4001,42nd Street - Westbound - 3rd Ave to Lexington Ave,Manhattan,ucvwF`cobMiCzH,504.02,900,59,4/5/2026 12:24:14,108.0,4.67
4005,3rd Avenue - Northbound - 42nd St to 49th St,Manhattan,icvwFhcobMgCyAoVgP,1847.0,900,30,4/5/2026 12:24:14,70.5,26.2
5002,49th Street - Westbound - 3rd Ave to Lexington Ave,Manhattan,a_wwFfonbMcC|H,501.04,900,2,4/5/2026 12:24:14,260.0,1.93
5006,3rd Avenue - Northbound - 49th St to 57th St,Manhattan,a_wwFfonbMq^aV,2105.67,900,21,4/5/2026 12:24:14,76.0,27.71
8011,Madison Avenue - Northbound - 34th St to 42nd St,Manhattan,opuwFnxpbM}JsGqJmG_G}D,2101.21,900,7,4/5/2026 12:24:14,125.0,16.81
11001,42nd Street - Eastbound - Madison Ave to Lexington Ave,Manhattan,qovwFxapbMxCiJtBuG,1014.02,900,20,4/5/2026 12:24:14,139.0,7.3
16019,57th Street - Westbound - 5th Ave to 6th Ave,Manhattan,_pxwF~_obMoGdS,1021.13,900,23,4/5/2026 12:24:14,94.0,10.86
17018,6th Avenue - Northbound - 42nd St to 49th St,Manhattan,y|vwFx_qbMaK}GwFqDyFwD,1844.4,900,28,4/5/2026 12:24:14,205.0,9.0
17059,42nd Street - Westbound - 6th Ave to 7th Ave,Manhattan,e}vwFl_qbMmFtP,894.47,900,5,4/5/2026 12:24:14,45.0,19.88
18019,6th Avenue - Northbound - 49th St to 57th St,Manhattan,kxwwFpkpbMyJoGiFgDqKgH,2110.72,900,5,4/5/2026 12:24:14,414.0,5.1
18037,49th Street - Westbound - 6th Ave to 7th Ave,Manhattan,mxwwFpkpbMoF|P,905.87,900,6,4/5/2026 12:24:14,76.0,11.92
19056,57th Street - Westbound - 6th Ave to 7th Ave,Manhattan,qxxwFdtobMoFvP,898.57,900,30,4/5/2026 12:24:14,148.5,6.05
20004,3rd Avenue - Northbound - 34th St to 42nd St,Manhattan,ucuwFfzobMaKuGqFmD_KyG,2106.28,900,39,4/5/2026 12:24:14,147.0,14.33
20008,34th Street - Westbound - 3rd Ave to Madison Ave,Manhattan,eduwFzyobMeCbIgCbIgC`I,1531.44,900,22,4/5/2026 12:24:14,127.5,12.01
20103,34th Street - Eastbound - 3rd Ave to 2nd Ave,Manhattan,gcuwFpzobMxD}L,703.56,900,7,4/5/2026 12:24:14,285.0,2.47
21003,Lexington Avenue - Southbound - 72nd St to 57th St,Manhattan,e~ywFzvlbMbOrJrNjJxFtDxRnM,3956.84,900,16,4/5/2026 12:24:14,171.0,23.14
21022,72nd Street - Westbound - Lexington Ave to 5th Ave,Manhattan,q~ywFnvlbMsK`],1519.55,900,13,4/5/2026 12:24:14,160.0,9.5
21193,72nd Street - Eastbound - Lexington Ave to 2nd Ave,Manhattan,}}ywF~vlbMrC_JrAgEn@wAl@uB,1205.26,900,16,4/5/2026 12:24:14,97.5,12.36
22016,5th Avenue - Southbound - 72nd St to 57th St,Manhattan,yjzwF|tmbM|NrJtRhMtVlP,3957.63,900,14,4/5/2026 12:24:14,330.0,11.99
22021,72nd Street - Eastbound - 5th Ave to Lexington Ave,Manhattan,kjzwFfumbMtKa],1521.33,900,2,4/5/2026 12:24:14,152.0,10.01
23017,6th Avenue - Northbound - 34th St to 42nd St,Manhattan,c}uwFnvqbMu^wU,2105.46,900,25,4/5/2026 12:24:14,141.0,14.93
23060,34th Street - Westbound - 6th Ave to 7th Ave,Manhattan,q}uwFdvqbMqF~P,910.15,900,3,4/5/2026 12:24:14,133.0,6.84
25035,Belt Pkwy - Westbound - Ocean Pkwy to Bay 8th St,Brooklyn,iquvFtrmbMh@|OfB~QvA~M`@|H@lHUxFaAzLqC`WmBdLgChIuDdGsCvCuFhDuLxEyDxB_E`DqKnLmF|Iw@fBcBlFgAzFgA|HsAnEoBrEwOjYgC~FwCjJqB|JoGx\,17547.15,900,44,4/5/2026 12:24:14,575.0,30.52
27034,Belt Pkwy - Eastbound - Ocean Pkwy to Flatbush,Brooklyn,mpuvFtrmbMSsIkAwSoBmUU}IBgJTsEdA{LL_HOaMi@{O_@qFcAsOeDu]QoGLiG|@gHrGk[pAsHv@yJPqRg@gO{AoLoCwKkIqReDiFuCoCeG{CkGaAiFDmInAqELaH_B,19771.69,900,41,4/5/2026 12:24:14,298.0,66.35
28029,Belt Pkwy - Eastbound - Pennsylvania Ave to Cross Bay Blvd,Brooklyn,ybawF`}{aMwH_EkHiGyFkGgG}IeHcNaMoYsFmLuRq\wE{GcJyL_I{LkBsDkC{F{J}W_IoWg@yB,13098.76,900,391,4/5/2026 12:24:14,118.0,111.01
34025,Belt Pkwy - Westbound - Flatbush Ave to Ocean Pkwy,Brooklyn,u~wvFfdbbMxErAnFb@xDOdJy@jF\`Dr@fFtCfEfEtCvElD|HlChI`BpKfAfNLnPWxLyA|PcDxQ{BhKo@`GQjHd@dK`Epb@~@jQh@nRFjFQtHu@bIg@~LDbKr@bLtBvWr@bU,19653.72,900,58,4/5/2026 12:24:14,293.0,67.08
34028,Belt Pkwy - Eastbound - Flatbush Ave to Erskine St,Brooklyn,u_xvFlbbbMcEwC{EkGmBmEgEcNwD}GwBgC}FaE_Cu@gQiBeRkEoLq@uVCyRr@eGGiFs@uEsA}FyDsEkE_DgE{Vgd@kLiSyFqIwCkCqHoGgKkGm[cMwI{D,20229.18,900,75,4/5/2026 12:24:14,321.0,63.02
35027,Belt Pkwy - Eastbound - Bay 8th St to Ocean Pkwy,Brooklyn,}kyvFdzwbMrDsQlBaMhCwKjEkLpK}RjEwHpCiIlCgQlBeG~CkGvEwGlF}FhGqFdF_DzMcFxE_DpG}IfBcFbB_IpBcNbCiWp@yLBqJaAuNqCeWy@{R,17580.18,900,233,4/5/2026 12:24:14,239.0,73.56
35202,Belt Pkwy - Westbound - Bay 8th St to 68th St,Brooklyn,smyvFv{wbMmDbQc@xHTfYkAnJmCzGyFpJyExDcHtDwHdFuL`OsI~EkHtAqb@jEaUEq[qCky@w[,16888.42,900,157,4/5/2026 12:24:14,229.0,73.75
37038,49th Street - Westbound - 7th Ave to 8th Ave,Manhattan,_`xwFp}pbMkFnP,885.4,900,23,4/5/2026 12:24:14,121.0,7.32
37059,7th Avenue - Southbound - 49th St to 42nd St,Manhattan,_`xwFn}pbMxN~I`K|G,1850.67,900,19,4/5/2026 12:24:14,131.0,14.13
38039,49th Street - Westbound - 8th Ave to 9th Ave,Manhattan,igxwF~nqbMsF~P,911.8,900,33,4/5/2026 12:24:14,71.0,12.84
39049,9th Avenue - Southbound - 49th St to 42nd St,Manhattan,}nxwF|`rbMxNhJ~JvG,1849.95,900,52,4/5/2026 12:24:14,129.0,14.34
40046,49th Street - Westbound - 1st Ave to 2nd Ave,Manhattan,yrvwFlrmbMgEtM,744.88,900,28,4/5/2026 12:24:14,38.0,19.6
41203,57th St - westbound - 1 Ave to QBB UL Entrance,Manhattan,qrwwFb{lbMcCtH,492.42,900,2,4/5/2026 12:24:14,52.0,9.47
42004,42nd Street - Westbound - 2nd Ave to 3rd Ave,Manhattan,w}uwF|tnbM}D`M,711.89,900,28,4/5/2026 12:24:14,102.0,6.98
42103,2nd Avenue -  Southbound - 42nd St to 34th St,Manhattan,c}uwFfunbMj^`V,2096.18,900,14,4/5/2026 12:24:14,144.5,14.51
43051,72nd Street - Westbound - Columbus Ave (9th Ave) to Broadway,Manhattan,ij{wFb~obMoFtPe@|A,1043.2,900,10,4/5/2026 12:24:14,35.0,29.81
43058,9th Avenue - Southbound - 72nd St to 57th St,Manhattan,yi{wFn~obMtZhStJrG~BtAxB|AbKtG,3955.13,900,6,4/5/2026 12:24:14,380.5,10.39
45102,1st Avenue - Northbound - 23rd St to 34th St,Manhattan,ilswF`}obMaj@y^,2880.52,900,17,4/5/2026 12:24:14,86.0,33.49
45105,23rd Street - Westbound - 1st Ave to 2nd Ave,Manhattan,mmswFb|obMcE~M,753.61,900,4,4/5/2026 12:24:14,69.0,10.92
46005,49th Street - Westbound - 2nd Ave to 3rd Ave,Manhattan,ayvwFbanbMyD~L,705.9,900,2,4/5/2026 12:24:14,124.0,5.69
46042,2nd Avenue - Southbound - 49th St to 42nd St,Manhattan,ayvwFbanbM|L|HxLdI,1848.17,900,29,4/5/2026 12:24:14,73.0,25.32
48040,1st Avenue - Northbound - 42nd St to 49th St,Manhattan,_wuwFnfnbM_DsByMyI}FwD,1849.46,900,2,4/5/2026 12:24:14,68.0,27.2
48042,42nd Street - Westbound - 1st Ave to 2nd Ave,Manhattan,qwuwF`fnbMeExM,747.98,900,3,4/5/2026 12:24:14,44.0,17.0
49053,42nd Street - Eastbound - 9th Ave to 8th Ave,Manhattan,urwwFhurbMlFyP,899.29,900,14,4/5/2026 12:24:14,107.0,8.4
49109,42nd Street - Westbound - 9th Ave to 10th Ave,Manhattan,ctwwFhtrbMkFzP,899.94,900,11,4/5/2026 12:24:14,115.0,7.83
49119,9th Avenue - Southbound - 42nd St to 37th St,Manhattan,cswwF~trbMnRbM,1298.3,900,44,4/5/2026 12:24:14,43.5,29.85
50057,8th Avenue - Northbound - 23rd St to 34th St,Manhattan,aauwFpysbMcj@m^,2875.57,900,5,4/5/2026 12:24:14,168.0,17.12
50106,23rd Street - Eastbound - 8th Ave to 7th Ave,Manhattan,m`uwF`zsbMhFwP,893.5,900,37,4/5/2026 12:24:14,35.0,25.53
51052,Broadway - Southbound - 72nd St to 57th St,Manhattan,mr{wFzrpbMhDVxSXpH?hNKrIIvAAd@HPN\Ff@QTe@Bg@^[PIf@D`Eb@,4661.61,900,6,4/5/2026 12:24:14,391.0,11.92
52056,57th Street - Eastbound - Broadway to 7th Ave,Manhattan,{cywF~qpbMxCkJ,576.01,900,2,4/5/2026 12:24:14,462.0,1.25
53038,8th Avenue - Northbound - 42nd St to 49th St,Manhattan,ukwwFfcrbMeCcB_C{A{BwA{B}A{ByA}B{A}ByA,1846.29,900,3,4/5/2026 12:24:14,345.0,5.35
53049,42nd Street - Westbound - 8th Ave to 9th Ave,Manhattan,alwwFtbrbMqFzP,905.24,900,9,4/5/2026 12:24:14,35.0,25.86
53059,42nd Street - Eastbound - 8th Ave to 7th Ave,Manhattan,ekwwFncrbMlFyP,899.3,900,16,4/5/2026 12:24:14,124.5,7.22
54052,57th Street - Eastbound - 8th Ave to Broadway,Manhattan,ofywFhxpbMtAmE,324.96,900,5,4/5/2026 12:24:14,453.0,0.72
54058,57th Street - Westbound - 8th Ave to 9th Ave,Manhattan,mgywFrwpbMqFxP,902.73,900,40,4/5/2026 12:24:14,63.5,14.22
55006,57th Street - Westbound - 2nd Ave to 3rd Ave,Manhattan,cywwFvimbM{DzL,702.79,900,9,4/5/2026 12:24:14,63.0,11.16
55046,2nd Avenue  - Southbound - 57th St to 49th St,Manhattan,uxwwFbjmbMhC`B|BxAxBvAzB|A~BxAzBzAzBzA~B|A,2112.17,900,42,4/5/2026 12:24:14,83.5,25.3
55203,57th St - eastbound - 2 Ave to QBB UL Entrance,Manhattan,kxwwF`jmbMz@yC,244.62,900,27,4/5/2026 12:24:14,10.0,24.46
56019,57th Street - Eastbound - 7th Ave to 6th Ave,Manhattan,a_ywFrfpbMlFwP,896.8,900,2,4/5/2026 12:24:14,268.0,3.35
56037,7th Avenue - Southbound - 57th St to 49th St,Manhattan,q_ywFhfpbMfC`BzBzA~BvAzBzA|BzAzBxA|BzAzB~A,2110.34,900,7,4/5/2026 12:24:14,188.0,11.23
56052,57th Street - Westbound - 7th Ave to Broadway,Manhattan,_`ywF|epbM_DxJ,598.23,900,9,4/5/2026 12:24:14,189.0,3.17
57053,8th Avenue - Northbound - 34th St to 42nd St,Manhattan,elvwFbzrbMm^}U,2096.63,900,12,4/5/2026 12:24:14,104.0,20.16
57060,34th Street - Eastbound - 8th Ave to 7th Ave,Manhattan,wkvwFlzrbMlFuP,894.52,900,10,4/5/2026 12:24:14,156.0,5.73
57061,34th Street - Westbound - 8th Ave to 9th Ave,Manhattan,qlvwFzyrbMqFvP,900.47,900,22,4/5/2026 12:24:14,35.0,25.73
58039,9th Avenue - Southbound - 57th St to 49th St,Manhattan,onywFviqbMt^bV,2113.33,900,54,4/5/2026 12:24:14,64.5,32.76
58054,57th Street - Eastbound - 9th Ave to 8th Ave,Manhattan,}mywFbjqbMjFsP,890.17,900,2,4/5/2026 12:24:14,35.0,25.43
58077,57th Street - Westbound - 9th Ave (Columbus Ave) to 10th Ave (Amsterdam Ave),Manhattan,}nywFhiqbMmFzP,901.6,900,8,4/5/2026 12:24:14,48.5,18.59
59017,42nd Street - Eastbound - 7th Ave to 6th Ave,Manhattan,wcwwFtqqbMlFsP,892.06,900,2,4/5/2026 12:24:14,698.0,1.28
59053,42nd Street - Westbound - 7th Ave to 8th Ave,Manhattan,sdwwFbqqbMoFxP,901.07,900,2,4/5/2026 12:24:14,97.0,9.29
59060,7th Avenue - Southbound - 42nd St to 34th St,Manhattan,edwwFjqqbMvNpJlJvGfBdA`@P,2103.3,900,10,4/5/2026 12:24:14,212.5,9.9
60023,34th Street - Eastbound - 7th Ave to 6th Ave,Manhattan,idvwFvhrbMpF_Q,910.15,900,47,4/5/2026 12:24:14,73.0,12.47
60057,34th Street - Westbound - 7th Ave to 8th Ave,Manhattan,cevwFdhrbMmFtP,894.51,900,11,4/5/2026 12:24:14,334.0,2.68
60106,7th Avenue - Southbound - 34th St to 23rd St,Manhattan,sdvwFlhrbM`j@n^,2873.73,900,66,4/5/2026 12:24:14,157.5,18.25
61078,34th Street - Westbound - 9th Ave to 10th Ave,Manhattan,ctvwFpksbMoFxP,901.09,900,8,4/5/2026 12:24:14,32.5,27.73
62074,Hylan Blvd - Northbound - New Dorp Ln to Midland Ave,Staten Island,a|rvFdpicMqBqByEwEkBoBoBeBmByByCuCkBoBsBuBgDmDuCiCkCcC,3425.74,900,100,4/5/2026 12:24:14,193.5,17.7
62126,Hylan Blvd - Southbound - New Dorp Ln to Guyon Ave,Staten Island,}|rvFvqicM~W`XvRzRfQjR,4653.84,900,46,4/5/2026 12:24:14,199.5,23.33
63064,Father Capodanno Blvd @ Seaview Ave to Lily Pond Ave Verrazano-Narrows Br Entrance - NB,Staten Island,istvFdhccMoDkEgEwEgAwAgBaBaFwEiEyEcCyDk@u@cDaC}BeBcCkBuB_ByAuAkCqCeGgGeDsDuBqCgCmDwAoCUYsAc@cAYsAKeFQiAm@}@_Ai@eAw@a@}@VaLrIsIlF,9499.41,900,52,4/5/2026 12:24:14,333.0,28.53
63074,Father Capodanno Blvd @ Seaview Ave to Hyland Blvd @ Midland Ave via Midland Ave,Staten Island,wstvF~iccMlFlGhEhItD`I~GhNlB`EtErJ|AzCn@z@rArArBjBjB`BuAzCoApC_DbH_DdHoArC}C`H_ArBgGfNc@l@_@`@gDzBcCrF,8868.3,900,9,4/5/2026 12:24:14,308.0,28.79
66067,Hylan Blvd - Northbound -  Seaview Ave to Narrows Rd South Via Steuben St,Staten Island,o`vvFfbfcMgFuFyJaIaIgHiPeGmKgD_EgAwAgBqEqPFcS{EsH{HoDeFz@{ClAqMaA,9054.74,900,7,4/5/2026 12:24:14,567.0,15.97
66074,Hylan Blvd - Southbound - Seaview Ave to Midland Ave,Staten Island,yavvF|bfcMpC~Br@l@|ArB`EpFdFdHpFrHzEnGdBdCjB~BdBhClBtBdC~B,4261.21,900,121,4/5/2026 12:24:14,221.0,19.28
66128,Hylan Blvd - Northbound - Seaview Ave to Fingerboard Rd West,Staten Island,aavvFpafcM}XaV}BgBaDuAa]wKmBqCcEgQA}FRyJRkGrCcLJcCMqB}@gCeAaBcCaB,8346.72,900,5,4/5/2026 12:24:14,882.0,9.46
70071,Flatbush Ave - Southbound - Willoughby St to Atlantic Ave,Brooklyn,}tjwFdwpbMtEiB|EqBvD_BnMoIzJqGhCgB,3257.94,900,62,4/5/2026 12:24:14,238.5,13.66
70073,Flatbush Ave - Northbound - Willoughby St to Tillary St,Brooklyn,otjwFvtpbM{H|CkFrB{EfB,1502.13,900,90,4/5/2026 12:24:14,109.0,13.78
71201,Atlantic Avenue - Eastbound - Flatbush Ave to Carlton Ave,Brooklyn,}aiwFvuobMnBaHzBuRdBiL,1965.26,900,97,4/5/2026 12:24:14,52.0,37.79
73070,Flatbush Ave - Southbound - Tillary St to Willoughby St,Brooklyn,gmkwFncqbMlF{B~EoBfIeD,1544.57,900,2,4/5/2026 12:24:14,1351.0,1.14
74062,Hylan Blvd - Southbound - Midland Ave to New Dorp Ln,Staten Island,qktvF`chcMdHvGdDjDjCjCrBnBpBtBrBtBlBlBhBjBhBjBlBrBtBnB,3425.55,900,77,4/5/2026 12:24:14,174.0,19.69
74063,Hylan Blvd @ Midland Ave to Father Capodanno Blvd @ Seaview Ave via Midland Ave,Staten Island,yjtvFrbhcM|BkFdE_DbA{ArAyC|CeH`AqB|CcH|CcH`DeH|CcHjBoEaIsHi@s@wAsCu@{AcAqBsEmJcEqIyAyCwDaIiDcHu@iA{EsF,8988.5,900,8,4/5/2026 12:24:14,1298.0,6.92
74066,Hylan Blvd - Northbound - Midland Ave to Seaview Ave,Staten Island,yjtvFtahcMmCcCgBsBgBmCmE_GeB}BuBqCqFqHuBuCqBkCmBmCcB{BgC}C{CgC,4305.32,900,37,4/5/2026 12:24:14,153.0,28.14
75079,10th Avenue - Northbound - 14th St to 23rd St,Manhattan,cmtwFjvubMaAo@WE}^kV,2313.62,900,14,4/5/2026 12:24:14,81.5,28.39
77058,57th Street - Eastbound - 10th Ave (Amsterdam Ave) to 9th Ave (Columbus Ave),Manhattan,ouywFx{qbMnFwP,898.53,900,14,4/5/2026 12:24:14,45.5,19.75
77081,57th Street - Westbound - 10th Ave (Amsterdam Ave) to 11th Ave,Manhattan,kvywFd{qbMqFvP,900.3,900,10,4/5/2026 12:24:14,42.0,21.44
78108,34th Street - Westbound - 10th Ave to 11th Ave,Manhattan,c|vwF`}sbMgFxP,894.08,900,9,4/5/2026 12:24:14,116.0,7.71
80109,42nd Street - Eastbound - 11th Ave to 10th Ave,Manhattan,maxwFbysbMhF{P,898.19,900,3,4/5/2026 12:24:14,109.0,8.24
81077,57th Street - Eastbound - 11th Ave to 10th Ave (Amsterdam Ave),Manhattan,_}ywFrmrbMnFyP,900.93,900,3,4/5/2026 12:24:14,175.0,5.15
81116,11th Avenue - Southbound - 57th St to 49th St,Manhattan,k}ywFhmrbMn^dV,2105.09,900,56,4/5/2026 12:24:14,81.5,25.83
84066,Hylan Blvd - Southbound - Narrows Rd South (West) to Seaview Ave,Staten Island,qwyvFfjccMhCAfFy@bIgD~Dq@zF`CjCrCnBvBQtDIdJ@l@N~ARbA|@|CfBrG`@tAh@x@z@z@bAh@xAd@t@Tb@H`IbCdK~ClCdAjCzBdMlKnKbJ,9165.86,900,38,4/5/2026 12:24:14,330.5,27.73
85077,10th Avenue - Northbound - 49th St to 57th St,Manhattan,ivxwFprrbMu^aV,2111.99,900,68,4/5/2026 12:24:14,108.5,19.47
85116,49th Street - Westbound - 10th Ave to 11th Ave,Manhattan,kvxwFprrbMoFzP,903.4,900,47,4/5/2026 12:24:14,39.0,23.16
87088,Cross Bay Blvd - Southbound - Rockaway Blvd to 156th Ave,Queens,smhwFrxuaMrAFhASx@SxDc@nC_@nFeAbDm@fCo@dDQzCJ`B@|EKlCa@~KwBpJiBdJsAjCg@dDc@,6156.07,900,29,4/5/2026 12:24:14,320.0,19.24
88087,Cross Bay Blvd - Northbound - 156th Ave to Rockaway Blvd,Queens,afewF~`uaMmJ~AkFx@aFv@cP|CuEj@{EVoGSsCR}GrAcGtAsIz@mBd@gAD,6115.42,900,28,4/5/2026 12:24:14,326.5,18.73
91092,Cross Bay Blvd - Southbound - W 6th Rd to W 20th Rd,Queens,iqzvF~xpaMdCPpFd@xFf@lCR|Gh@lGl@nCTpGh@xK|@,3951.99,900,64,4/5/2026 12:24:14,145.5,27.16
92144,Cross Bay Blvd - Southbound - 20 Rd to Beach Channel Dr @ Beach 116 St,Queens,_nxvF`cqaM`M~@bg@wIrLQ`Ah@pCfFz@hBdFhV`CzL`ClMXbGJdA~BrNnHp\,9819.22,900,16,4/5/2026 12:24:14,845.5,11.61
93113,Ocean Pkwy - Northbound - Kings Hwy to Avenue I,Brooklyn,iyyvFxqmbM{`CfW,7656.58,900,116,4/5/2026 12:24:14,354.0,21.63
94093,Ocean Pkwy - Northbound - Avenue U to Kings Hwy,Brooklyn,ogxvFhjmbMcMvAab@nE,2900.21,900,105,4/5/2026 12:24:14,105.0,27.62
94098,Ocean Pkwy - Southbound - Avenue U to Avenue X,Brooklyn,kgxvFdlmbMd[gDzL~A,2482.41,900,4,4/5/2026 12:24:14,560.0,4.43
95170,Woodhaven Blvd - Northbound - Furmanville Ave to Dry Harbor Rd,Queens,gepwF~yyaMuMlL}I~HiTbI,3142.13,900,94,4/5/2026 12:24:14,133.0,23.63
97099,Woodhaven Blvd - Southbound - Union Turnpike to Myrtle Ave,Queens,qhmwFbnxaMtEkH|BcEn@m@`Ee@,1390.94,900,118,4/5/2026 12:24:14,93.0,14.96
98094,Ocean Pkwy - Northbound - Avenue X to Avenue U,Brooklyn,u}vvFvfmbM{L{AsEf@oT`C,2478.31,900,90,4/5/2026 12:24:14,126.0,19.67
98100,Ocean Pkwy - Southbound - Avenue X to Shore Pkwy,Brooklyn,k}vvFzimbMbMpCtL`A`L~A,2427.04,900,60,4/5/2026 12:24:14,93.0,26.1
99097,Woodhaven Blvd - Northbound - Myrtle Ave to Union Tpke,Queens,_vlwFfywaMqCDaA\{AzAoBfDiE|G,1454.25,900,9,4/5/2026 12:24:14,1050.0,1.38
100098,Ocean Pkwy - Northbound - Shore Pkwy to Avenue X,Brooklyn,qtuvFjpmbMkLcB}LeB{LeB,2440.72,900,6,4/5/2026 12:24:14,638.0,3.83
100115,Ocean Pkwy - Southbound - Shore Pkwy to Sea Breeze Ave,Brooklyn,ktuvFhtmbM~q@tJrEx@,3416.59,900,15,4/5/2026 12:24:14,155.0,22.04
102103,34th Street - Westbound - 1st Ave to 2nd Ave,Manhattan,gxtwF~|nbMgEtM,744.96,900,6,4/5/2026 12:24:14,686.0,1.09
103020,34th Street - Westbound - 2nd Ave to 3rd Ave,Manhattan,e~twF~kobM{D|L,705.32,900,27,4/5/2026 12:24:14,81.0,8.71
103102,34th Street - Eastbound - 2nd Ave to 1st Ave,Manhattan,k}twFnlobMhEsM,744.35,900,4,4/5/2026 12:24:14,377.0,1.97
103105,2nd Avenue - Southbound - 34th St to 23rd St,Manhattan,u}twFhlobM`j@l^,2872.45,900,23,4/5/2026 12:24:14,99.0,29.01
104079,23rd Street - Eastbound - 11th Ave to 10th Ave,Manhattan,uvuwF`oubMbFqP,880.96,900,3,4/5/2026 12:24:14,124.0,7.1
105045,23rd Street - Eastbound - 2nd Ave to 1st Ave,Manhattan,erswFblpbMfEyM,749.85,900,7,4/5/2026 12:24:14,39.0,19.23
106107,7th Avenue - Southbound - 23rd St to 14th St,Manhattan,oytwF|gsbMta@bX,2309.57,900,29,4/5/2026 12:24:14,107.0,21.58
108104,11th Avenue - Southbound - 34th St to 23rd St,Manhattan,gbwwFjotbMdj@d_@,2894.89,900,2,4/5/2026 12:24:14,1225.0,2.36
109049,42nd Street - Eastbound - 10th Ave to 9th Ave,Manhattan,{ywwFjgsbMhF}P,900.64,900,2,4/5/2026 12:24:14,84.0,10.72
109080,42nd Street - Westbound - 10th Ave to 11th Ave,Manhattan,q{wwFffsbMoFpP,891.38,900,20,4/5/2026 12:24:14,46.5,19.17
109085,10th Avenue - Northbound - 42nd St to 49th St,Manhattan,uzwwFxfsbMsZgS,1844.34,900,31,4/5/2026 12:24:14,205.0,9.0
111112,Ocean Pkwy - Northbound - Ditmas Ave to Church Ave,Brooklyn,ew_wFhunbMsv@xI,3281.96,900,3,4/5/2026 12:24:14,1111.0,2.95
111113,Ocean Pkwy - Southbound - Ditmas Ave to Avenue I,Brooklyn,ov_wFj{nbMvz@wJ,3526.24,900,135,4/5/2026 12:24:14,192.0,18.37
112111,Ocean Pkwy - Southbound - Church Ave to Ditmas Ave,Brooklyn,qlawFteobM`u@sI,3190.53,900,142,4/5/2026 12:24:14,150.5,21.2
113093,Ocean Pkwy - Southbound - Avenue I to Kings Hwy,Brooklyn,yz}vF|onbMdbCyW,7735.94,900,54,4/5/2026 12:24:14,315.5,24.52
113111,Ocean Pkwy - Northbound - Avenue I to Ditmas Ave,Brooklyn,c{}vF|inbMa{@nJ,3542.67,900,163,4/5/2026 12:24:14,208.0,17.03
120140,Flatbush Ave - Southbound - Aviators Sports Complex to Beach 140 st,Brooklyn,}vvvFtx`bMdhAwpApc@_Tv\mRnBqHiq@ehBgEgFgG_M,17122.83,900,20,4/5/2026 12:24:14,299.0,57.27
121146,Richmond Ave - Northbound - Hylan Blvd to Amboy Rd,Staten Island,ozkvF`ercMqI`RaAvB_k@fh@,4405.32,900,7,4/5/2026 12:24:14,168.0,26.22
123124,Hylan Blvd - Northbound - Page Ave to Seguine Ave,Staten Island,usfvFp`adM}AyMoAgWeA{LuJ}w@y@qDwBcFkPwYqLqTeK_RgBwN,10295.12,900,24,4/5/2026 12:24:14,265.5,38.78
124123,Hylan Blvd - Southbound - Seguine Ave to Page Ave,Staten Island,e|hvFbszcMvAzKp@nCjJjQl]pn@pBvD`AzDjBzNbCtSxDt[ThErAfW~AxN,10331.12,900,28,4/5/2026 12:24:14,239.5,43.14
124125,Hylan Blvd - Northbound - Seguine Ave to Huguenot Ave,Staten Island,}zhvF|rzcMq@wDaCyEaIeOaEqOuG{V,3573.06,900,30,4/5/2026 12:24:14,127.0,28.13
125124,Hylan Blvd - Southbound - Huguenot Ave to Seguine Ave,Staten Island,ozivFhnxcMlD|MtBhIlDxMpIhPfBlDJZn@bD,3550.52,900,37,4/5/2026 12:24:14,119.0,29.84
125127,Hylan Blvd - Northbound - Huguenot Ave to Arden Ave,Staten Island,syivFpmxcMgO}k@YiBOgCv@wt@UwDo@iDsNqd@,7349.52,900,23,4/5/2026 12:24:14,224.0,32.81
126062,Hylan Blvd - Northbound - Guyon Ave to New Dorp Ln,Staten Island,g}pvF~pkcMyTkVi]o]uI{I,4657.24,900,8,4/5/2026 12:24:14,255.0,18.26
126145,Hylan Blvd - Southbound - Guyon Ave to Keegans Ln,Staten Island,}}pvF~qkcMfC|CVbAVpCe@rJTjCn@nBr]v`@xDlG~JpMv@xAhDhHhDfG,6484.89,900,94,4/5/2026 12:24:14,224.5,28.89
127121,Hylan Blvd - Northbound - Arden Ave to Richmond Ave,Staten Island,i{jvFxrscMoFuP_CiHoAcBwOwN,2776.11,900,37,4/5/2026 12:24:14,89.0,31.19
127125,Hylan Blvd - Southbound - Arden Ave to Huguenot Ave,Staten Island,}{jvFnsscMfFfPhG`SZpAR|AF`ADzBY`[]~TJtCL~AfAvFv@nCzK~b@,7338.97,900,25,4/5/2026 12:24:14,227.0,32.33
128068,Hylan Blvd - Northbound - West Fingerboard Rd to Narrows Rd South (via Fingerboard Rd),Staten Island,gnxvFpebcM_A[}AIaANKHsGrAcAiDo@qBOaAFcACSQw@Ua@_GiB,2262.17,900,17,4/5/2026 12:24:14,55.0,41.13
129130,Richmond Ave - Southbound - Richmond Hill Rd to Forest Hill Rd,Staten Island,apvvFn{tcMhAp@tJpBtUlBvUbBhIh@nITfTj@~EUpCS,6657.81,900,2,4/5/2026 12:24:14,338.0,19.7
129131,Richmond Ave - Northbound - Richmond Hill Rd to Eton Pl,Staten Island,oovvFnytcMqDeDkAeA}AoBwKqPqAwA{@a@sBy@mBc@gAIqA@a^bEcHlAiAAiAKqLeD,6374.21,900,33,4/5/2026 12:24:14,256.0,24.9
130129,Richmond Ave - Northbound - Forest Hill Rd to Richmond Hill Rd,Staten Island,c_svFbgucM}BReFPyO]iN]cIe@_SeByU{AeGkAoEeAm@_@,6611.52,900,7,4/5/2026 12:24:14,253.0,26.13
130139,Richmond Ave - Southbound - Forest Hill Rd to Weinwright Ave,Staten Island,{~rvFniucMlIs@nML~g@H,3853.28,900,4,4/5/2026 12:24:14,739.5,5.21
131129,Richmond Ave - Southbound - Eton Pl to Richmond Hill Rd,Staten Island,iryvFxzscMtMfDdAJfDUrCs@x^_EbAErDp@zD|ArAzA`KvOvA|AxAzAvDnD,6358.78,900,55,4/5/2026 12:24:14,235.0,27.06
134133,Flatbush Ave - Northbound - Fillmore Ave to Kings Hwy,Brooklyn,}p{vF|`fbM_BjBeF|Fu]da@{EfF,3637.56,900,4,4/5/2026 12:24:14,401.5,9.06
139130,Richmond Ave - Northbound - Wainwright Ave to Forest Hill Rd,Staten Island,s|pvFngucM}ANee@s@_MQkJj@,3887.37,900,25,4/5/2026 12:24:14,160.0,24.3
139146,Richmond Ave - Southbound - Wainwright Ave to Amboy Rd,Queens,m|pvFphucMbn@qItP_C`H_A|AWf@YlB{B`J}AbFuApEcF,6482.4,900,19,4/5/2026 12:24:14,271.0,23.92
140120,Beach Channel Dr - Westbound - Beach 140 St to Aviators Sports Complex,Queens,sitvFzvxaMbIdRjB|A~FpOh]p|@|JxXiC|GqcAti@ma@df@wa@ne@,16938.92,900,42,4/5/2026 12:24:14,298.0,56.84
140144,Beach Channel Dr - Eastbound - Beach 140 St to Beach 116 St,Queens,whtvFlvxaM}Rwd@mAuCw@cD_AuJOyQnAcM{@_i@,6413.01,900,36,4/5/2026 12:24:14,179.5,35.73
144140,Beach Channel Dr - Westbound - Beach 116 St to Beach 140 St,Queens,_duvFxptaMbAnh@oAhMRhRx@rI|@`EpUti@,6431.79,900,38,4/5/2026 12:24:14,176.0,36.54
145121,Hylan Blvd - Southbound - Keegans Ln to Richmond Ave,Staten Island,mznvFf~ncM|@lAfDpDzBhDvMzRxH|IfB|@zD`FlZfVrVlZ,7276.22,900,5,4/5/2026 12:24:14,697.0,10.44
145126,Hylan Blvd - Northbound - Keegans Ln to Guyon Ave,Staten Island,oynvF~|ncMgJuQgLeOwC{EiMqOcGsGwD_EcCuD]oAGuAFwA\qE?gCg@{CiAiBmAwA,6489.63,900,4,4/5/2026 12:24:14,1076.0,6.03
146121,Richmond Ave - Southbound - Amboy Rd to Hylan Blvd,Staten Island,crmvFxetcM~IoIzYeXhBeBdByB|JmT,4389.04,900,12,4/5/2026 12:24:14,149.5,29.36
146139,Richmond Ave - Northbound - Amboy Rd to Wainwright Ave,Staten Island,csmvFbetcM{CpDcAp@}D`AaJ|A_@L{AtBs@b@oALwf@xG_a@lF,6450.81,900,38,4/5/2026 12:24:14,251.5,25.65
148150,Rockaway Blvd - Northbound - Brookville Blvd to Farmers Blvd,Queens,qs`wFn~aaMoMtMiKnKyBjDqj@nkAuUjg@}P|`@yBjE,10952.42,900,7,4/5/2026 12:24:14,232.0,47.21
148151,Rockaway Blvd - Southbound - Brookville Blvd to Five-Towns Entrace,Queens,er`wFp_baM~EaFhAkArCsB|DyA|DiA,1729.49,900,155,4/5/2026 12:24:14,39.0,44.35
150147,Rockaway Blvd - Northbound - Farmers Blvd to South Conduit Ave,Queens,cjdwFf|gaM_@v@kTrPoTrQ,3070.28,900,16,4/5/2026 12:24:14,123.5,24.86
151148,Rockaway Blvd - Northbound - Five-Towns Entrance to Brookville Blvd,Queens,{x_wFvkaaM}HdCaEhCuIjI,1785.93,900,4,4/5/2026 12:24:14,564.0,3.17
155180,Seagirt Blvd - Westbound - Beach 9th St to Beach 32nd St,Queens,{_xvFxcbaM`FxUZjFLdEB~TOzNc@hKuBrI]vK|@`S}@~H{AvB,6602.6,900,24,4/5/2026 12:24:14,158.5,41.66
156181,Beach Channel Dr - Eastbound - Beach 90 st to Beach 69 st,Queens,mjvvFnmpaMaByAoJwUGoDPwGUsHs@mCYqD@uC|AkMcByV]w@{G_Fg@uBIkD,6016.21,900,16,4/5/2026 12:24:14,139.5,43.13
157158,Main St - Northbound - Roosevelt Ave to Northern Blvd,Queens,azwwFr|raMwKjEwG`D,1353.43,900,8,4/5/2026 12:24:14,364.5,3.71
157159,Main St - Southbound - Roosevelt Ave to Sanford Ave,Queens,czwwF~}raMzKkEjDcA,1130.14,900,2,4/5/2026 12:24:14,501.0,2.26
157160,Main St @ Roosevelt to Kissena Blvd @ Sanford Ave,Queens,_zwwFx}raMlDsAf@q@fG_N,1258.02,900,6,4/5/2026 12:24:14,377.0,3.34
157163,Roosevelt Ave - Eastbound - Main St to Parsons Blvd,Queens,{ywwFf}raM}Koq@,2356.96,900,10,4/5/2026 12:24:14,184.0,12.81
158157,Main St - Southbound - Northern Blvd to Roosevelt Ave,Queens,koxwFvisaM|GwDfK_E,1342.98,900,14,4/5/2026 12:24:14,530.5,2.53
158165,Northern Blvd - Eastbound - Main St to Union St,Queens,knxwFbhsaMcBoJmBuJ,1094.45,900,70,4/5/2026 12:24:14,109.0,10.04
159176,Sanford Ave - Westbound - Main St to College Pnt Blvd,Queens,ehwwFztraMtKvY,1395.48,900,12,4/5/2026 12:24:14,619.5,2.25
159179,Main St - Southbound - Sanford Ave to Peck Ave,Queens,ahwwFburaM|McE`Bc@zFqC~BmB`BcAnAm@hAIhA@bDT,2811.63,900,8,4/5/2026 12:24:14,255.5,11.0
160157,Kissena Blvd @ Sanford Ave to Main St @ Roosevelt Ave - Northbound,Queens,kkwwFviraMaHbO_ExA,1259.4,900,2,4/5/2026 12:24:14,237.0,5.31
160159,Sanford Avenue - Westbound - Kissena Blvd to Main St,Queens,ckwwFfjraMzAxI,506.67,900,27,4/5/2026 12:24:14,221.0,2.29
161162,Horace Harding Expwy NSR - Westbound - Kissena Blvd to Main St,Queens,e{swFh_paMgAxGuB`JaNxk@,3113.87,900,21,4/5/2026 12:24:14,147.0,21.18
161183,Kissena Blvd - Northbound - Horace Harding Expwy NSR to Holly Ave,Queens,c{swFx~oaMi@@WFqCAqBUsGyA}LsCwAO{AKiAHs]x`@,4752.54,900,2,4/5/2026 12:24:14,859.0,5.53
162175,Horace Harding Expwy - Westbound - Main St to College Pnt Blvd,Queens,_ptwF|_raMWtAqBf`@wAz]w@dD,3237.65,900,10,4/5/2026 12:24:14,105.5,30.69
162179,Main St - Northbound - Horace Harding Expwy to Peck Ave,Queens,cptwFr_raMaXxCgPgA,2490.09,900,6,4/5/2026 12:24:14,185.0,13.46
163157,Roosevelt Ave - Westbound - Parsons Blvd to Main St,Queens,ogxwF`kqaMzKlq@,2353.17,900,13,4/5/2026 12:24:14,349.0,6.74
163164,Parsons Blvd - Northbound - Roosevelt Ave to Northern Blvd,Queens,egxwFpjqaM}QxG,1172.03,900,5,4/5/2026 12:24:14,394.0,2.97
164163,Parsons Blvd - Southbound - Northern Blvd to Roosevel Ave,Queens,_zxwFbtqaM~Q{G,1176.39,900,14,4/5/2026 12:24:14,117.5,10.01
165158,Northern Blvd - Westbound - Union St to Main St,Queens,gvxwFzpraMxDpW,1137.68,900,5,4/5/2026 12:24:14,751.0,1.51
165164,Northern Blvd - Eastbound - Union St to Parsons Blvd,Queens,_uxwF`qraMsAaM{@qN,1336.96,900,12,4/5/2026 12:24:14,729.5,1.83
166169,Jackie Robinson Pkwy - Northbound- Metropolitan Ave to Queens Blvd,Queens,a~mwF~cuaMi@gA{BsHqByIy@aBoByCcBkCoHsPsDyIOo@w@uEy@}D,4068.21,900,179,4/5/2026 12:24:14,57.0,71.37
167166,Jackie Robinson Pkwy - Northbound - Forest Pk Dr to Metropolitan Ave,Queens,gwkwFhyzaMoC_GgBkAoFeAyCo@aC_B{AwBu@}BcAwE[_GDqGx@eJLyD_@oEsD{LeAwIm@cDcAwB_BuCsBaC}CsBcDqCmBcEi@gDK{BKgOOuF]}FoAyEyAuD,9904.74,900,157,4/5/2026 12:24:14,141.0,70.25
175184,College Pnt Blvd - Northbound - Horace Harding Expwy to Booth Memorial Ave,Queens,wxtwFfhtaMwC_FqBwA_IoDaA{@uCcF,1852.28,900,38,4/5/2026 12:24:14,102.0,18.16
176184,College Point Blvd - Southbound - Sanford Ave to Booth Memorial Ave,Queens,k{vwFlpsaM`P_DfBDzInAjHrA,2413.79,900,2,4/5/2026 12:24:14,701.0,3.44
179162,Main St - Southbound - Peck Ave to Horace Harding Expwy,Queens,qzuwFvbraMhPfAvWoC,2473.72,900,10,4/5/2026 12:24:14,150.5,16.44
180155,Seagirt Blvd - Eastbound - Beach 32nd St to Beach 9th St,Queens,u}wvFjwfaMrB{OeA_Wr@yHhAaE\{B`@}JNaIDwSGgHYsHO}AcF}U,6745.41,900,34,4/5/2026 12:24:14,285.0,23.67
181154,Beach Channel Dr - Eastbound - Beach 69 st to Bay 32 st,Queens,igwvFdulaMkAsh@{IeZMeEoCe~@a@iVmAySG_H}BsAoESu@Ys@cAo@oB,9722.75,900,6,4/5/2026 12:24:14,427.5,22.74
181156,Beach Channel Dr - Westbound- Beach 69 st to Beach 90 st,Queens,wgwvFfulaMLxF^bAbHnFRz@j@tJn@dKeBxLL~EfAhGJzGGtLpJdVv@dC,6032.8,900,6,4/5/2026 12:24:14,321.0,18.79
184175,College Pnt Blvd - Southbound - Booth Memorial Ave to Horace Harding Expwy,Queens,sruwFxpsaMdDzF`Ax@dGhC`CtAxDlG,1890.21,900,76,4/5/2026 12:24:14,86.0,21.98
184176,College Point Blvd - Northbound - Booth Memorial Ave to Sanford Ave,Queens,{quwFvosaMU]cT}Cs@CiQjD,2499.96,900,16,4/5/2026 12:24:14,274.0,9.12
188189,5th Avenue  - Southbound - 96 St to 86 St,Manhattan,mk}wFrnkbM|f@~[,2660.26,900,49,4/5/2026 12:24:14,95.0,28.0
189022,5th Avenue - Southbound - 86 St to 72 St,Manhattan,oc|wFrklbMrw@lh@,3778.77,900,43,4/5/2026 12:24:14,257.0,14.7
190191,Lexington Ave - Southbound - 96 St to 86 St,Manhattan,u~|wFjpjbMzf@`\,2658.42,900,21,4/5/2026 12:24:14,139.0,19.13
191021,Lexington Ave - Southbound - 86 St to 72 St,Manhattan,yv{wFhmkbMtw@lh@,3781.98,900,19,4/5/2026 12:24:14,180.0,21.01
192193,2nd Avenue - Southbound - 86th St to 72nd St,Manhattan,wl{wFrujbM`LzH`Bt@`C`Brc@zY,3791.02,900,6,4/5/2026 12:24:14,178.0,21.3
193021,72nd Streeet - Westbound - 2nd Ave to Lexington Ave,Manhattan,etywF|~kbMk@jBy@rB_AvC_DzJ,1202.3,900,17,4/5/2026 12:24:14,128.0,9.39
193055,2nd Avenue - Southbound - 72nd St to 57th St,Manhattan,_tywFb_lbMjz@zi@,3950.2,900,17,4/5/2026 12:24:14,200.0,19.75
194196,Williamsburg Bridge - Eastbound - Manhattan @ Delancey to Brooklyn @ Bedford Ave,Manhattan,_sowFvgqbMrh@ihC,6550.2,900,244,4/5/2026 12:24:14,107.0,61.22
197195,Williamsburg Bridge - Westbound - Brooklyn @ Bedford Ave to Manhattan @ Delancey,Manhattan,aknwFr}lbMwh@fhC,6550.31,900,306,4/5/2026 12:24:14,330.0,19.85
201071,Atlantic Avenue - Westbound - Carlton Ave to Flatbush Ave,Brooklyn,uxhwFpknbMo@bFe@rE}B~QeBhH,1953.12,900,73,4/5/2026 12:24:14,107.0,18.25
202035,Belt Pkwy - Eastbound - 68th St to Bay 8th St,Brooklyn,wn`wFjd{bMr`@|Ol\pLtZhCn^w@|]eFjGoCbHqGxCgE`EgE`OwItDqC`JeM~CqHz@kJg@uVRsI|DkS,17111.81,900,98,4/5/2026 12:24:14,224.5,76.22
203041,57th St - eastbound - QBB UL Entrance to 1 Ave,Manhattan,avwwF`embMbCoH,482.64,900,4,4/5/2026 12:24:14,96.0,5.03
203055,57th St - westbound - QBB UL Entrance to 2 Ave,Manhattan,{vwwFbembM_AvC,239.57,900,11,4/5/2026 12:24:14,41.0,5.84
204008,Madison Avenue - northbound - 23 st to 34 st,Manhattan,wetwFtwqbMqi@_^,2839.04,900,2,4/5/2026 12:24:14,151.0,18.8
3013,57th Street - Westbound - Lexington Ave to Madison Ave,Manhattan,gcxwFvanbM_CpHoCrI,1021.15,0,0,4/5/2026 12:24:14,0.0,0.0
4042,42nd Street - Eastbound - 3rd Ave to 2nd Ave,Manhattan,ybvwFrcobM|DaM,711.89,0,0,4/5/2026 12:24:14,0.0,0.0
6003,57th Street - Westbound - 3rd Ave to Lexington Ave,Manhattan,a_xwFxwmbMeC|H,502.77,0,0,4/5/2026 12:24:14,0.0,0.0
6055,57th Street - Eastbound - 3rd Ave to 2nd Ave,Manhattan,_~wwFhxmbMxD}L,703.44,0,0,4/5/2026 12:24:14,0.0,0.0
8020,34th Street - Eastbound - Madison Ave to 3rd Ave,Manhattan,apuwFxxpbMdCyHjCmIfC_I,1532.57,0,0,4/5/2026 12:24:14,0.0,0.0
8118,34th Street - Westbound - Madison Ave to 5th Ave,Manhattan,{puwFdxpbMeC|H,502.84,0,0,4/5/2026 12:24:14,0.0,0.0
11012,Madison Avenue - Northbound - 42nd St to 49th St,Manhattan,_pvwFpapbMaG{DyJuGwFqD,1841.72,0,0,4/5/2026 12:24:14,0.0,0.0
11014,42nd Street - Westbound - Madison Ave to 5th Ave,Manhattan,mpvwFfapbMgC`I,509.42,0,0,4/5/2026 12:24:14,0.0,0.0
12013,Madison Avenue - Northbound - 49th St to 57th St,Manhattan,ukwwFfmobMk^{U,2092.07,0,0,4/5/2026 12:24:14,0.0,0.0
12015,49th Street - Westbound - Madison Ave to 5th Ave,Manhattan,ukwwFfmobMgCbI,511.81,0,0,4/5/2026 12:24:14,0.0,0.0
13003,57th Street - Eastbound - Madison Ave to Lexington Ave,Manhattan,yjxwFpvnbM|BmHnCuI,1016.97,0,0,4/5/2026 12:24:14,0.0,0.0
13016,57th Street - Eastbound - 5th Ave to Madison Ave,Manhattan,aoxwFr`obMtAkEp@uB,509.36,0,0,4/5/2026 12:24:14,0.0,0.0
14011,42nd Street - Eastbound - 5th Ave to Madison Ave,Manhattan,wsvwF|kpbMdCcI,510.08,0,0,4/5/2026 12:24:14,0.0,0.0
14017,42nd Street - Westbound - 5th Ave to 6th Ave,Manhattan,utvwFhkpbMoGdS,1021.24,0,0,4/5/2026 12:24:14,0.0,0.0
14118,5th Avenue - Southbound - 42nd St to 34th St,Manhattan,ktvwFpkpbMt^xU,2106.79,0,0,4/5/2026 12:24:14,0.0,0.0
15014,5th Avenue - Southbound - 49th St to 42th St,Manhattan,}owwFhwobMvFxDzFrD`KzG,1848.97,0,0,4/5/2026 12:24:14,0.0,0.0
15018,49th Street - Westbound - 5th Ave to 6th Ave,Manhattan,}owwFhwobMoGdS,1021.19,0,0,4/5/2026 12:24:14,0.0,0.0
16013,57th Street - Westbound - Madison Ave to 5th Ave,Manhattan,wkxwF|unbMqAdEu@zB,509.39,0,0,4/5/2026 12:24:14,0.0,0.0
16015,5th Avenue - Southbound - 57th St to 49th St,Manhattan,ooxwFh`obMdC`B|BxAxB`BzB~A`CpAvFtD|BxA,2105.11,0,0,4/5/2026 12:24:14,0.0,0.0
17014,42nd Street - Eastbound - 6th Ave to 5th Ave,Manhattan,i|vwFb`qbMpGeS,1023.02,0,0,4/5/2026 12:24:14,0.0,0.0
19016,57th Street - Eastbound - 6th Ave to 5th Ave,Manhattan,qwxwFztobMnGgS,1023.54,0,0,4/5/2026 12:24:14,0.0,0.0
23118,34th Street - Eastbound - 6th Ave to 5th Ave,Manhattan,w|uwFzvqbMlGeS,1019.53,0,0,4/5/2026 12:24:14,0.0,0.0
24026,Belt Pkwy - Westbound - Cross Bay Blvd to Pennsylvania Ave,Brooklyn,grewFbeuaMfH`UFb@rEpMtHtQlBrDvEpHrO|SdJ`NzAfCnIpOtXjn@hBjDdGhJdE|EjE~DnEdDdIlE,12915.87,0,0,4/5/2026 12:24:14,0.0,0.0
26034,Belt Pkwy - Westbound - Erskine St to Flatbush Ave,Queens,ccawFb~{aMhf@tRpGhDpHbGvHfI|FtI|b@rv@tE`GxD~CvCnBdDvA|FlA|D\hE@`Rs@hLK|HDrH\dDb@pDt@pGdBjCb@rRpBjBv@fCdBzA|A`FpHbBbE|C~JbCpFfDlErEhD,20198.01,0,0,4/5/2026 12:24:14,0.0,0.0
29150,Belt Pkwy EB @ Cross Bay Blvd - Rockaway Blvd @ Farmers Blvd,Queens,mqewFdcuaM_B_Hy@cGEiFnAaKzByL|@yI`A}Gf@aKbFoNWiNbEmn@`@}M}@mHgHmWkBwTY}Vx@sZb@mIzHm`A`DmQhJ{YbBaJ|AgE,19472.98,0,0,4/5/2026 12:24:14,0.0,0.0
30171,Henry Hudson Pkwy - Northbound - 57th St to 79th St,Manhattan,{dzwFx~rbMgUiNyT{NgJmGcIaHqMuIsF_D,5856.76,0,0,4/5/2026 12:24:14,0.0,0.0
33024,Belt Pkwy - Westbound - East of JFK to Crossbay Blvd.,Queens,qxewFjriaMlCnl@LdEX~W@jHIdMy@xy@QjBMrXx@vIrAzFlDbQb@vEFpHk@~[e@zRw@zOu@zGcCdMwAlJIhHf@bF|B`L,16703.62,0,0,4/5/2026 12:24:14,0.0,0.0
38054,8th Avenue - Northbound - 49th St to 57th St,Manhattan,kgxwF`oqbM}B{A}B{A{ByA}B{A{ByA}B}A}ByAeCaB,2108.84,0,0,4/5/2026 12:24:14,0.0,0.0
39085,49th Street - Westbound - 9th Ave to 10th Ave,Manhattan,{nxwFx`rbMoFvP,898.58,0,0,4/5/2026 12:24:14,0.0,0.0
40041,1st Avenue - Northbound - 49th St to 57th St,Manhattan,yrvwFnrmbMu^cV,2113.41,0,0,4/5/2026 12:24:14,0.0,0.0
42048,42nd Street - Eastbound - 2nd Ave to 1st Ave,Manhattan,{|uwFrunbMhEyM,751.53,0,0,4/5/2026 12:24:14,0.0,0.0
44020,3rd Avenue - Northbound - 23rd St to 34th St,Manhattan,sxswFrypbMaj@k^,2871.1,0,0,4/5/2026 12:24:14,0.0,0.0
44105,23rd Street - Eastbound - 3rd Ave to 2nd Ave,Manhattan,_xswF~ypbMzDqL,690.93,0,0,4/5/2026 12:24:14,0.0,0.0
47023,6th Avenue - Northbound - 23rd St to 34th ST,Manhattan,artwF~urbMeCaB}]oUMOoFmD,2874.47,0,0,4/5/2026 12:24:14,0.0,0.0
47106,23rd Street - Westbound - 6th Ave to 7th Ave,Manhattan,_stwFjurbMiF`Q,905.67,0,0,4/5/2026 12:24:14,0.0,0.0
50082,23rd Street - Westbound - 8th Ave to 9th Ave,Manhattan,sauwFbysbMqF~P,910.2,0,0,4/5/2026 12:24:14,0.0,0.0
51043,72nd Street - Eastbound - Broadway to Columbus Ave (9th Ave),Manhattan,{q{wF~rpbM^qAnFsP,1021.03,0,0,4/5/2026 12:24:14,0.0,0.0
52054,57th Street - Westbound - Broadway to 8th Ave,Manhattan,_eywFtqpbMoA|D,300.32,0,0,4/5/2026 12:24:14,0.0,0.0
61057,34th Street - Eastbound - 9th Ave to 8th Ave,Manhattan,esvwFflsbMlFyP,899.34,0,0,4/5/2026 12:24:14,0.0,0.0
61082,9th Avenue - Southbound - 34th St to 23rd St,Manhattan,usvwF|ksbMtVjPxLbIpDbC,2876.39,0,0,4/5/2026 12:24:14,0.0,0.0
65063,Lily Pond Ave @ Verrazano-Narrows Br Exit - Father Capodanno Blvd @ Seaview Ave - SB,Staten Island,klyvFt~`cMtQoDdA_@fHiExMqJj@KZN`A~AfBrA`ATtFJdDhAvBhD~EvG`DxDtDxDlFrFjBfBvEjDvHzF|CpE~ErFfFxEhJdKd@v@nCvC,10671.4,0,0,4/5/2026 12:24:14,0.0,0.0
67068,Narrows Rd South - Eastbound - Hylan Blvd to Fingerboard Rd,Staten Island,ewyvFfbccMj@aLxBkOxE{O,2190.4,0,0,4/5/2026 12:24:14,0.0,0.0
71070,Flatbush Ave - Northbound - Atlantic Ave to Willoughvy St,Brooklyn,waiwFntobMwDfCk@ZaIlFcLhHaFvBiLpE,3291.08,0,0,4/5/2026 12:24:14,0.0,0.0
71117,Atlantic Avenue - Westbound - Flatbush Ave to Boerum Pl,Brooklyn,eciwFjvobMqPll@kLhb@,4004.42,0,0,4/5/2026 12:24:14,0.0,0.0
72117,Atlantic Avenue - Eastbound - BQE Exit to Boerum Pl,Brooklyn,mnjwFhusbMjHy`@tBcJ,2130.79,0,0,4/5/2026 12:24:14,0.0,0.0
76045,1st Avenue - Northbound - 14th St to 23rd St,Manhattan,wirwF~upbMia@aX,2289.12,0,0,4/5/2026 12:24:14,0.0,0.0
78061,34th Street - Eastbound - 10th Ave to 9th Ave,Manhattan,szvwF`~sbMlFyP,899.33,0,0,4/5/2026 12:24:14,0.0,0.0
78109,10th Avenue - Northbound - 34th St to 42nd St,Manhattan,a{vwFv}sbMu^}U,2109.4,0,0,4/5/2026 12:24:14,0.0,0.0
79078,10th Avenue - Northbound - 23rd St to 34th St,Manhattan,_puwFb}tbMcj@m^,2875.54,0,0,4/5/2026 12:24:14,0.0,0.0
79082,23rd Street - Eastbound - 10th Ave to 9th Ave,Manhattan,uouwFh}tbMjFqP,887.96,0,0,4/5/2026 12:24:14,0.0,0.0
79104,23rd Street - Westbound - 10th Ave to 11th Ave,Manhattan,{puwFl|tbMoF~P,908.41,0,0,4/5/2026 12:24:14,0.0,0.0
80108,11th Avenue - Southbound - 42nd St to 34th St,Manhattan,gbxwFpxsbMt^|U,2109.39,0,0,4/5/2026 12:24:14,0.0,0.0
82050,23rd Street - Eastbound - 9th Ave to 8th Ave,Manhattan,ihuwFtktbMnF}P,906.01,0,0,4/5/2026 12:24:14,0.0,0.0
82079,23rd Street - Westbound - 9th Ave to 10th Ave,Manhattan,eiuwF`ktbMkFtP,892.8,0,0,4/5/2026 12:24:14,0.0,0.0
82110,9th Avenue - Southbound - 23rd St to 14th St,Manhattan,qhuwFrktbMhYfRTPPTzE`D,2307.5,0,0,4/5/2026 12:24:14,0.0,0.0
86087,Woodhaven Blvd - Southbound - Jamaica Ave to Rockaway Blvd,Queens,q}jwFvhwaMxBiArEyBdCgAtGyCdGcDtEmEtCyCpD{BfI}CvKgEdGiB,5137.84,0,0,4/5/2026 12:24:14,0.0,0.0
86099,Woodhaven Blvd - Northbound - Jamaica Ave to Myrtle Ave,Queens,s~jwFnewaMuAd@iC`@qG|@{GOwBO{GpDeEpEmBvB_B^wDG,3480.9,0,0,4/5/2026 12:24:14,0.0,0.0
87086,Woodhaven Blvd - Northbound - Rockaway Blvd to Jamaica Ave,Queens,emhwFfwuaMeASgGbBkKrEkIdDkDjBoDhDgEdDaD|BaH`DyEtBiI`D,5225.04,0,0,4/5/2026 12:24:14,0.0,0.0
88089,Cross Bay Blvd - Southbound - 156th Ave to North Channel Br,Queens,{eewFxbuaMdIkAdIwA~IyAzSkDtSuC~SkD~RyC~ZgM~OqH`EiC,10000.02,0,0,4/5/2026 12:24:14,0.0,0.0
89088,Cross Bay Blvd -  Northbound - North Channel Br to 156th Ave,Queens,ua`wFnisaMsEnCu[nNwFdCiC`AsEdAoIjAwEp@uHlAgEt@eC^_NvBkHhAeFt@}SfDsS`D,9961.11,0,0,4/5/2026 12:24:14,0.0,0.0
89090,Cross Bay Blvd - Southbound - North Channel Br to Jamaica Wildlife Preserve,Queens,_a`wFnjsaMjA_AbGoElEaCfCgAtCcAfEgApWaF{MjCjQiDxCk@xDu@hDq@nHsA~L_ChJ{BfCw@fFmClDgC,9659.13,0,0,4/5/2026 12:24:14,0.0,0.0
90089,Cross Bay Blvd - Northbound - Jamaica Wildlife Preserve to North Channel Br,Queens,ma|vFptqaMmG|DoF~BwFzAeFdAeIzAyGlAyHvAyDt@{GtAgHnAcGlA_F`AoGtByFrCsEvCmEjD,7893.01,0,0,4/5/2026 12:24:14,0.0,0.0
90091,Cross Bay Blvd - Southbound - Jamaica Wildlife Preserve to W 6 Rd,Queens,w`|vFlvqaMbR}OhCiBjCoBxAu@|Aq@jCw@zDY`CD,3149.57,0,0,4/5/2026 12:24:14,0.0,0.0
91090,Cross Bay Blvd - Northbound - W 6th Rd to Jamaica Wildlife Reserve,Queens,mpzvFdwpaMgCGmCNqC\yBx@wAh@iEhD{FrEeNxK,3220.45,0,0,4/5/2026 12:24:14,0.0,0.0
92091,Cross Bay Blvd - Northbound - W 20th Rd to W 6th Rd,Queens,wmxvFtaqaM{Go@gC_@}K{@cL}@gGk@sGk@uIs@,3925.39,0,0,4/5/2026 12:24:14,0.0,0.0
93094,Ocean Pkwy - Southbound - Kings Hwy to Avenue U,Brooklyn,axyvFpumbMtR}B`\mD,2875.74,0,0,4/5/2026 12:24:14,0.0,0.0
95096,Woodhaven Blvd - Southbound - Furmanville Ave to Metropolitan Ave,Queens,kdpwFj{yaMba@ma@lCo@~CArGN,3570.91,0,0,4/5/2026 12:24:14,0.0,0.0
96095,Woodhaven Blvd - Northbound - Metropolitan Ave to Furmanville Ave,Queens,wonwFbuxaMsK_@yEhAoF`GoBtB_V`V,3661.2,0,0,4/5/2026 12:24:14,0.0,0.0
96097,Woodhaven Blvd - Southbound - Metropolitan Ave to Union Turnpike,Queens,epnwFzwxaMdADvZgChAUzAo@hCqB,2374.44,0,0,4/5/2026 12:24:14,0.0,0.0
97096,Woodhaven Blvd - Northbound - Union Turnpike to Metropolitan Ave,Queens,iimwFpkxaMkBhBaBx@kHz@aMv@sGX,2324.14,0,0,4/5/2026 12:24:14,0.0,0.0
99086,Woodhaven Blvd - Southbound - Myrtle Ave to Jamaica Ave,Queens,kvlwF~{waMhFKtDyC~CuChHgEpCJxGLvKmAlBk@,3532.76,0,0,4/5/2026 12:24:14,0.0,0.0
105044,23rd Street - Westbound - 2nd Ave to 3rd Ave,Manhattan,ssswFbkpbMsD~L,700.84,0,0,4/5/2026 12:24:14,0.0,0.0
106047,23rd Street - Eastbound - 7th Ave to 6th Ave,Manhattan,_ytwFjhsbMjFaQ,907.4,0,0,4/5/2026 12:24:14,0.0,0.0
106050,23rd Street - Westbound - 7th Ave to 8th Ave,Manhattan,gztwFlgsbMoFnP,889.13,0,0,4/5/2026 12:24:14,0.0,0.0
108078,34th Street - Eastbound - 11th Ave to 10th Ave,Manhattan,{awwFzotbMfFwP,891.65,0,0,4/5/2026 12:24:14,0.0,0.0
114115,Surf Avenue and Stillwell Ave to Ocean Pkwy and Sea Breeze Ave - Eastbound,Brooklyn,s{svFdmpbMToSdCiZl@}Kk@uI}A}E,3557.5,0,0,4/5/2026 12:24:14,0.0,0.0
114137,Stillwell Ave - Northbound - Surf Ave to Neptune Ave,Brooklyn,g|svFvlpbMmJtAmJ|@,1351.27,0,0,4/5/2026 12:24:14,0.0,0.0
115100,Ocean Pkwy - Northbound - Sea Breeze Ave to Shore Pkwy,Brooklyn,kysvFt~mbMcz@yL,3505.03,0,0,4/5/2026 12:24:14,0.0,0.0
115114,Ocean Pkwy and Sea Breeze Ave to Surf Ave and Stillwell Ave - Westbound,Brooklyn,}zsvFranbMhBfEXjKy@~GoB~U]nX,3473.22,0,0,4/5/2026 12:24:14,0.0,0.0
116080,11th Avenue - Southbound - 49th St to 42nd St,Manhattan,y}xwFldsbMpZ`S,1837.13,0,0,4/5/2026 12:24:14,0.0,0.0
117071,Atlantic Avenue - Eastbound - Boerum Pl to Flatbush Ave,Brooklyn,oajwFxhrbMtLkc@tQin@,4158.51,0,0,4/5/2026 12:24:14,0.0,0.0
117072,Atlantic Avenue - Westbound - Boerum Pl to BQE Exit,Brooklyn,mbjwFdhrbMqBxImH|`@,2121.64,0,0,4/5/2026 12:24:14,0.0,0.0
118008,34th Street - Eastbound - 5th Ave to Madison Ave,Manhattan,gtuwFtbqbMdC{H,500.43,0,0,4/5/2026 12:24:14,0.0,0.0
118023,34th Street - Westbound - 5th Ave to 6th Ave,Manhattan,auuwFdbqbMqG|R,1013.44,0,0,4/5/2026 12:24:14,0.0,0.0
119061,9th Avenue - Southbound - 37th St to 34th St,Manhattan,s_wwFdcsbM|JvG,797.0,0,0,4/5/2026 12:24:14,0.0,0.0
120135,Flatbush Ave - Northbound - Aviators Sports Complex to Golf Course,Brooklyn,exvvFpv`bMocAlkA,5240.62,0,0,4/5/2026 12:24:14,0.0,0.0
121127,Hylan Blvd - Southbound - Richmond Ave to Arden Ave,Staten Island,ozkvFvercMrLvKzBrBn@~@`CrHzBtGpBzG,2758.7,0,0,4/5/2026 12:24:14,0.0,0.0
121145,Hylan Blvd - Northbound - Richmond Ave to Keegans Ln,Staten Island,uykvFtdrcMqTwWyHaHuRmOyD{EuDiCiF}GaRgXyEaG,7266.26,0,0,4/5/2026 12:24:14,0.0,0.0
122134,Flatbush Ave - Northbound - Avenue U to Fillmore Ave,Brooklyn,krzvFp}dbMuIbKmHxJiIvJ,2379.05,0,0,4/5/2026 12:24:14,0.0,0.0
122135,Flatbush Ave - Southbound - Avenue U to Golf Course,Brooklyn,cqzvFp_ebMtYw\vYw\,4084.31,0,0,4/5/2026 12:24:14,0.0,0.0
133134,Flatbush Ave - Southbound - Kings Hwy to Fillmore Ave,Brooklyn,i`}vFfwgbMbFoFhIsJr]aa@,3664.03,0,0,4/5/2026 12:24:14,0.0,0.0
134122,Flatbush Ave - Southbound - Fillmore Ave to Avenue U,Brooklyn,ep{vF|afbMx]{a@,2371.24,0,0,4/5/2026 12:24:14,0.0,0.0
135120,Flatbush Ave - Southbound - Golf Course to Aviators Sports Complex,Brooklyn,u{xvFbdcbMtcAmjA,5220.49,0,0,4/5/2026 12:24:14,0.0,0.0
135122,Flatbush Ave - Northbound - Golf Course to Avenue U,Brooklyn,s|xvFzbcbMe]n`@wKfKeJhK,4076.2,0,0,4/5/2026 12:24:14,0.0,0.0
137114,Stillwell Ave - Southbound - Neptune Ave to Surf Ave,Brooklyn,astvF|rpbMnJeAjJoA,1351.37,0,0,4/5/2026 12:24:14,0.0,0.0
144092,Beach Channel Dr - Eastbound - Beach 116 St to Cross Bay Blvd @ 20 Rd,Queens,wbuvFdptaM[}ByGkZwB{MQ_GqJog@yCoMqDwJImC[kAoBm@aAl@uDdD_CpAwGbB}[bG}Oq@,10359.6,0,0,4/5/2026 12:24:14,0.0,0.0
147150,Rockaway Blvd - Southbound - South Conduit Ave to Farmers Blvd,Queens,}uewFhdiaMbNeLdNyK`DkA|CDv@kDhAyC,3224.15,0,0,4/5/2026 12:24:14,0.0,0.0
150148,Rockaway Blvd - Southbound - Farmers Blvd to Brookville Blvd ,Queens,qidwF|}gaMbCyEzBsFbWqk@lV{g@da@e{@|LyMtNoN,11004.77,0,0,4/5/2026 12:24:14,0.0,0.0
154181,Beach Channel Dr - Westbound - Bay 32 st to Beach 69 st,Queens,emxvFzlfaMl@hBbAtAb@RzEh@~@^t@|@HzDhAbUvA~n@zAjj@dJh[vAzh@,9665.09,0,0,4/5/2026 12:24:14,0.0,0.0
154182,Beach Channel Dr - Eastbound - Bay 32 st to Mott Ave,Queens,wlxvFflfaMyKyYgBeC_A_EaDcGqH_QoFiBg@Y,3942.33,0,0,4/5/2026 12:24:14,0.0,0.0
157177,Roosevelt Ave - Westbound - Main St to College Pnt Blvd,Queens,kzwwFt}raMpFlUFrA,1202.78,0,0,4/5/2026 12:24:14,0.0,0.0
158185,Northern Blvd - Westbound - Main St to Northern Blvd Br,Queens,opxwFhisaMz@pFKbNTrF,1360.33,0,0,4/5/2026 12:24:14,0.0,0.0
159157,Main St - Northbound - Sanford Ave to Roosevelt Ave,Queens,khwwFftraMwJnDgEzA,1114.01,0,0,4/5/2026 12:24:14,0.0,0.0
160183,Kissena Blvd - Southbound - Sanford Ave to Holly Ave,Queens,akwwFtjraMlB}DhFgHzH_KfIaK|HuI,3254.72,0,0,4/5/2026 12:24:14,0.0,0.0
164165,Northern Blvd - Westbound - Parsons Blvd to Union St,Queens,szxwF`tqaMv@xMhAzL,1290.85,0,0,4/5/2026 12:24:14,0.0,0.0
166167,Jackie Robinson Pkwy - Southbound - Metropolitan Ave to Forest Pk Dr,Queens,c~mwFveuaM~@zBr@tCp@zGTrIFhMRdCVlBf@tBlAbCjAvAlHpFzBtC|BnFdBxMlDpLR`CFlC}@xJObGH|El@jFdAlEpBhDjDzBfEx@`FvAtBdCbAxC,9838.75,0,0,4/5/2026 12:24:14,0.0,0.0
167168,Jackie Robinson Pkwy - Southbound - Forest Pk Dr to Jamaica Av,Queens,}ykwFlvzaMn@jBXhBjAjMdArCxH~IlCxAh@x@b@dBz@bBz@`@vCf@T|@JdAtAbUdDnTrCrTbAtC|UfR|MnM`H~ExBz@lFPnFp@xDtA,11281.34,0,0,4/5/2026 12:24:14,0.0,0.0
168167,Jackie Robinson Pkwy - Northbound - Jamaica Ave to Forest Pk Dr,Queens,mbhwF```bMaHqBuGUsCi@gCsA}EiDqHwH{XyTiAwAo@qByBqQ_EcWmAsUa@yBkAq@kCo@[s@uAsDgAu@}A{@kE{EwByBw@wCkA{Ko@aE,11106.63,0,0,4/5/2026 12:24:14,0.0,0.0
169166,Jackie Robinson Pkwy - Southbound - Queens Blvd to Metropolitan Ave,Queens,kcowF`wraMrAvGh@|CtFbNbGxMfFnIl@rB`B|GlA~DhBvD,4126.65,0,0,4/5/2026 12:24:14,0.0,0.0
170095,Woodhaven Blvd - Southbound - Dry Harbor Rd to Furmanville Ave,Queens,qsqwFj}zaMvSgI|QiPjFuE,3160.37,0,0,4/5/2026 12:24:14,0.0,0.0
171031,Henry Hudson Pkwy - Southbound - 79th St to 57th St,Manhattan,a}|wFz_qbMdWdPrCrCvMpJvZdS|MvI,5785.32,0,0,4/5/2026 12:24:14,0.0,0.0
171172,Henry Hudson Pkwy - Northbound - 79th St to 99th St,Manhattan,i||wFh~pbMkGwCsHsB_Cu@uCmAwCuAeGoD_FoDwEqEgKuMgD{B_IkB,5376.95,0,0,4/5/2026 12:24:14,0.0,0.0
172171,Henry Hudson Pkwy - Southbound - 99th St to 79th St,Manhattan,}m_xFliobMvEvAzEhCjEfEdEhFjElE|EvDlJtFnEjBlEvAlHpBtFdC,5361.0,0,0,4/5/2026 12:24:14,0.0,0.0
172173,Henry Hudson Pkwy - Northbound - 99th St to 125th St,Manhattan,kk_xFbhobMuG}AcGgC{FgDkFkD{^}V{I{EwIoFoIeGwIgEqIqGaIeI,8453.9,0,0,4/5/2026 12:24:14,0.0,0.0
173172,Henry Hudson Pkwy - Southbound - 125th St to 99th St,Manhattan,ykcxFvolbMnOxOhNdIjH|EtW`OnJvGvN`KlOpJ|FjCrG~A,8397.24,0,0,4/5/2026 12:24:14,0.0,0.0
173174,Henry Hudson Pkwy - Northbound - 125th St to GWB,Manhattan,}jcxFrnlbMwNeMcSiNea@w]wSqFwTkEeDiByKwJ_JuE}MiC}M_@}UaH,12554.86,0,0,4/5/2026 12:24:14,0.0,0.0
174173,Henry Hudson Pkwy - Southbound - GWB to 125th St,Manhattan,ooixF|jibMpFhAvTWdJNxI|AzJtDfPpNd[nGnKjCrIrF|]vZ``@`Y,12554.79,0,0,4/5/2026 12:24:14,0.0,0.0
176177,College Pnt Blvd - Northbound - Sanford Ave to Roosevelt Ave,Queens,}{vwFhosaMcTbF,1272.67,0,0,4/5/2026 12:24:14,0.0,0.0
177157,Roosevelt Ave - Eastbound - College Pnt Blvd to Main St,Queens,_qwwFjvsaMi@oAsFkU,1219.27,0,0,4/5/2026 12:24:14,0.0,0.0
177176,College Pnt Blvd - Southbound - Roosevelt Ave to Sanford Ave,Queens,upwwFrwsaM|S_F,1260.7,0,0,4/5/2026 12:24:14,0.0,0.0
177178,College Pnt Blvd - Northbound - Roosevelt Ave to 35th Ave,Queens,urwwFzvsaMwShEeGv@sBxA,1972.47,0,0,4/5/2026 12:24:14,0.0,0.0
178177,College Pnt Blvd - Southbound - 35th Ave to Roosevelt Ave,Queens,asxwFhbtaMdB_AnJoA|PsD,1962.43,0,0,4/5/2026 12:24:14,0.0,0.0
179159,Main St  - Northbound - Peck Ave to Sanford Ave,Queens,mzuwF`braMaHSi@FsD~BiCpBkEnBcRxF,2848.55,0,0,4/5/2026 12:24:14,0.0,0.0
182154,Beach Channel Dr - Westbound - Mott Ave to Bay 32 St,Queens,ovyvFfjdaM\RzEpAh@z@bFtLdCdFlAvBv@|CzBzCvK|Y,3908.23,0,0,4/5/2026 12:24:14,0.0,0.0
183160,Kissena Blvd  - Northbound - Holly Ave to Sanford Ave,Queens,obvwFdxpaMiI~I_IxJyH~JkDtE_ArAcBtD,3244.32,0,0,4/5/2026 12:24:14,0.0,0.0
183161,Kissena Blvd -  Southbound - Holly Ave to Horace Harding Expwy NSR,Queens,ibvwFrxpaMpJiKnEgFvEsF~CqDTQf@OnBDlALvHfBbMlCtANfADvAAPH\?,4711.01,0,0,4/5/2026 12:24:14,0.0,0.0
185158,Northern Blvd - Eastbound - Northern Blvd Br to Main St,Queens,kmxwFlgtaMSoFJoNa@iG,1391.89,0,0,4/5/2026 12:24:14,0.0,0.0
76083,14th Street – westbound – 1st Avenue to Union Sqr. East / Broadway,Manhattan,ejrwFzupbMwTjr@,2604.02,0,0,4/5/2026 12:24:14,0.0,0.0
83107,14th Street – westbound – Union Sqr. East / Broadway to 7th Avenue,Manhattan,_`swFfirbMmVrv@,2817.72,0,0,4/5/2026 12:24:14,0.0,0.0
107083,14th Street – eastbound – 7th Avenue to Union Sqr. East / Broadway,Manhattan,{vswFratbMxVuw@,2869.41,0,0,4/5/2026 12:24:14,0.0,0.0
83076,14th Street – eastbound – Union Sqr. East / Broadway to 1st Avenue,Manhattan,a_swF|hrbMpTar@,2589.23,0,0,4/5/2026 12:24:14,0.0,0.0
75107,14th Street – eastbound – 11 Ave/Rt 9A to 7th Ave,Manhattan,imtwFzvubMpUut@,2716.64,0,0,4/5/2026 12:24:14,0.0,0.0
107075,14th Street – westbound – 7th Ave to 11 Ave/Rt 9A,Manhattan,iwswF~`tbMoUjt@,2705.75,0,0,4/5/2026 12:24:14,0.0,0.0
199200,Battery Park Underpass - West St (Southbound) to FDR Dr (Northbound),Manhattan,admwF|kwbMfBBlIcBfGcFp@uFUqD]}C,2214.93,0,0,4/5/2026 12:24:14,0.0,0.0
200199,Battery Park Underpass - FDR Dr (Southbound) to West St (Northbound),Manhattan,ynlwFbqvbMb@tGSjC_@|AkBpB_CvAoD~@yC^oB?,2066.47,0,0,4/5/2026 12:24:14,0.0,0.0
44204,23rd Street- westbound - 3 ave to madison ave,Manhattan,_yswFvypbMsKx\,1509.65,0,0,4/5/2026 12:24:14,0.0,0.0
204047,23rd Street - westbound - madison ave to 6 ave,Manhattan,yetwFzwqbMmKz\,1507.02,0,0,4/5/2026 12:24:14,0.0,0.0
47204,23rd Street - eastbound - 6 ave to madison ave,Manhattan,{qtwF~urbMlKy\,1505.12,0,0,4/5/2026 12:24:14,0.0,0.0
204044,23rd Street - eastbound - madison ave to 3 ave,Manhattan,getwFxwqbMtK{\,1514.96,0,0,4/5/2026 12:24:14,0.0,0.0
